-- phpMyAdmin SQL Dump
-- version 5.0.4
-- https://www.phpmyadmin.net/
--
-- Host: 127.0.0.1
-- Generation Time: May 20, 2021 at 07:56 PM
-- Server version: 10.4.17-MariaDB
-- PHP Version: 8.0.1

SET SQL_MODE = "NO_AUTO_VALUE_ON_ZERO";
START TRANSACTION;
SET time_zone = "+00:00";


/*!40101 SET @OLD_CHARACTER_SET_CLIENT=@@CHARACTER_SET_CLIENT */;
/*!40101 SET @OLD_CHARACTER_SET_RESULTS=@@CHARACTER_SET_RESULTS */;
/*!40101 SET @OLD_COLLATION_CONNECTION=@@COLLATION_CONNECTION */;
/*!40101 SET NAMES utf8mb4 */;

--
-- Database: `eapi`
--

-- --------------------------------------------------------

--
-- Table structure for table `failed_jobs`
--

CREATE TABLE `failed_jobs` (
  `id` bigint(20) UNSIGNED NOT NULL,
  `uuid` varchar(255) COLLATE utf8mb4_unicode_ci NOT NULL,
  `connection` text COLLATE utf8mb4_unicode_ci NOT NULL,
  `queue` text COLLATE utf8mb4_unicode_ci NOT NULL,
  `payload` longtext COLLATE utf8mb4_unicode_ci NOT NULL,
  `exception` longtext COLLATE utf8mb4_unicode_ci NOT NULL,
  `failed_at` timestamp NOT NULL DEFAULT current_timestamp()
) ENGINE=InnoDB DEFAULT CHARSET=utf8mb4 COLLATE=utf8mb4_unicode_ci;

-- --------------------------------------------------------

--
-- Table structure for table `migrations`
--

CREATE TABLE `migrations` (
  `id` int(10) UNSIGNED NOT NULL,
  `migration` varchar(255) COLLATE utf8mb4_unicode_ci NOT NULL,
  `batch` int(11) NOT NULL
) ENGINE=InnoDB DEFAULT CHARSET=utf8mb4 COLLATE=utf8mb4_unicode_ci;

--
-- Dumping data for table `migrations`
--

INSERT INTO `migrations` (`id`, `migration`, `batch`) VALUES
(31, '2014_10_12_000000_create_users_table', 1),
(32, '2014_10_12_100000_create_password_resets_table', 1),
(33, '2016_06_01_000001_create_oauth_auth_codes_table', 1),
(34, '2016_06_01_000002_create_oauth_access_tokens_table', 1),
(35, '2016_06_01_000003_create_oauth_refresh_tokens_table', 1),
(36, '2016_06_01_000004_create_oauth_clients_table', 1),
(37, '2016_06_01_000005_create_oauth_personal_access_clients_table', 1),
(38, '2019_08_19_000000_create_failed_jobs_table', 1),
(39, '2021_05_15_052552_create_products_table', 1),
(40, '2021_05_15_052639_create_reviews_table', 1);

-- --------------------------------------------------------

--
-- Table structure for table `oauth_access_tokens`
--

CREATE TABLE `oauth_access_tokens` (
  `id` varchar(100) COLLATE utf8mb4_unicode_ci NOT NULL,
  `user_id` bigint(20) UNSIGNED DEFAULT NULL,
  `client_id` bigint(20) UNSIGNED NOT NULL,
  `name` varchar(255) COLLATE utf8mb4_unicode_ci DEFAULT NULL,
  `scopes` text COLLATE utf8mb4_unicode_ci DEFAULT NULL,
  `revoked` tinyint(1) NOT NULL,
  `created_at` timestamp NULL DEFAULT NULL,
  `updated_at` timestamp NULL DEFAULT NULL,
  `expires_at` datetime DEFAULT NULL
) ENGINE=InnoDB DEFAULT CHARSET=utf8mb4 COLLATE=utf8mb4_unicode_ci;

--
-- Dumping data for table `oauth_access_tokens`
--

INSERT INTO `oauth_access_tokens` (`id`, `user_id`, `client_id`, `name`, `scopes`, `revoked`, `created_at`, `updated_at`, `expires_at`) VALUES
('386b84118e34bba3942f722ab6eafe42b9cb2fb154af3a4c64b2f162905f31f63581605b6f52e779', 11, 2, NULL, '[]', 0, '2021-05-20 00:30:32', '2021-05-20 00:30:32', '2022-05-20 06:15:32'),
('3a358cb8bf0b54033b5bb8e3cb027de1bf610c2ba0e9f83d02918ce3bad07316ba07ff3edd88f340', 11, 2, NULL, '[]', 0, '2021-05-20 00:03:17', '2021-05-20 00:03:17', '2022-05-20 05:48:17'),
('83dd9de6339eee5f98961700c3aecc6ed65d1a97a7e6b2c581580838e2dfd0fd8d89be2ee989dfac', 11, 2, NULL, '[]', 0, '2021-05-20 00:04:36', '2021-05-20 00:04:36', '2022-05-20 05:49:36'),
('a50a4c8ebc40f8610bc9520e6cacb5719ef72a976c14c5c24a2d682a03095c5c2e67c67c2ece28a8', 11, 2, NULL, '[]', 0, '2021-05-20 00:48:34', '2021-05-20 00:48:34', '2022-05-20 06:33:34');

-- --------------------------------------------------------

--
-- Table structure for table `oauth_auth_codes`
--

CREATE TABLE `oauth_auth_codes` (
  `id` varchar(100) COLLATE utf8mb4_unicode_ci NOT NULL,
  `user_id` bigint(20) UNSIGNED NOT NULL,
  `client_id` bigint(20) UNSIGNED NOT NULL,
  `scopes` text COLLATE utf8mb4_unicode_ci DEFAULT NULL,
  `revoked` tinyint(1) NOT NULL,
  `expires_at` datetime DEFAULT NULL
) ENGINE=InnoDB DEFAULT CHARSET=utf8mb4 COLLATE=utf8mb4_unicode_ci;

-- --------------------------------------------------------

--
-- Table structure for table `oauth_clients`
--

CREATE TABLE `oauth_clients` (
  `id` bigint(20) UNSIGNED NOT NULL,
  `user_id` bigint(20) UNSIGNED DEFAULT NULL,
  `name` varchar(255) COLLATE utf8mb4_unicode_ci NOT NULL,
  `secret` varchar(100) COLLATE utf8mb4_unicode_ci DEFAULT NULL,
  `provider` varchar(255) COLLATE utf8mb4_unicode_ci DEFAULT NULL,
  `redirect` text COLLATE utf8mb4_unicode_ci NOT NULL,
  `personal_access_client` tinyint(1) NOT NULL,
  `password_client` tinyint(1) NOT NULL,
  `revoked` tinyint(1) NOT NULL,
  `created_at` timestamp NULL DEFAULT NULL,
  `updated_at` timestamp NULL DEFAULT NULL
) ENGINE=InnoDB DEFAULT CHARSET=utf8mb4 COLLATE=utf8mb4_unicode_ci;

--
-- Dumping data for table `oauth_clients`
--

INSERT INTO `oauth_clients` (`id`, `user_id`, `name`, `secret`, `provider`, `redirect`, `personal_access_client`, `password_client`, `revoked`, `created_at`, `updated_at`) VALUES
(1, NULL, 'api-demo Personal Access Client', 'Hpo6zruNsYdcQKAMxMNe4eOAbiwS7uPe6mjF9tyA', NULL, 'http://localhost', 1, 0, 0, '2021-05-19 23:53:26', '2021-05-19 23:53:26'),
(2, NULL, 'api-demo Password Grant Client', '1UfjU6iBMNM8ViEkUtC7Gvq2gj8jF2sS7U6kn4ZK', 'users', 'http://localhost', 0, 1, 0, '2021-05-19 23:53:26', '2021-05-19 23:53:26');

-- --------------------------------------------------------

--
-- Table structure for table `oauth_personal_access_clients`
--

CREATE TABLE `oauth_personal_access_clients` (
  `id` bigint(20) UNSIGNED NOT NULL,
  `client_id` bigint(20) UNSIGNED NOT NULL,
  `created_at` timestamp NULL DEFAULT NULL,
  `updated_at` timestamp NULL DEFAULT NULL
) ENGINE=InnoDB DEFAULT CHARSET=utf8mb4 COLLATE=utf8mb4_unicode_ci;

--
-- Dumping data for table `oauth_personal_access_clients`
--

INSERT INTO `oauth_personal_access_clients` (`id`, `client_id`, `created_at`, `updated_at`) VALUES
(1, 1, '2021-05-19 23:53:26', '2021-05-19 23:53:26');

-- --------------------------------------------------------

--
-- Table structure for table `oauth_refresh_tokens`
--

CREATE TABLE `oauth_refresh_tokens` (
  `id` varchar(100) COLLATE utf8mb4_unicode_ci NOT NULL,
  `access_token_id` varchar(100) COLLATE utf8mb4_unicode_ci NOT NULL,
  `revoked` tinyint(1) NOT NULL,
  `expires_at` datetime DEFAULT NULL
) ENGINE=InnoDB DEFAULT CHARSET=utf8mb4 COLLATE=utf8mb4_unicode_ci;

--
-- Dumping data for table `oauth_refresh_tokens`
--

INSERT INTO `oauth_refresh_tokens` (`id`, `access_token_id`, `revoked`, `expires_at`) VALUES
('0c9aaaa5d581d3b096117b4daefb919c93539c871e5b2bb4fb87c6d5ceafd944f61ba31a49c31e15', '386b84118e34bba3942f722ab6eafe42b9cb2fb154af3a4c64b2f162905f31f63581605b6f52e779', 0, '2022-05-20 06:15:32'),
('671c20c850f9532cd0ed6eef12526f3e44e5883a9e14c7619f2a233a713074c8c7e1753c8fbabcc7', 'a50a4c8ebc40f8610bc9520e6cacb5719ef72a976c14c5c24a2d682a03095c5c2e67c67c2ece28a8', 0, '2022-05-20 06:33:34'),
('bf568a0ce9189015c3ac28248de3b7c594258633661968e2af85b9a39ed0b3ed5c443931c2cd552f', '3a358cb8bf0b54033b5bb8e3cb027de1bf610c2ba0e9f83d02918ce3bad07316ba07ff3edd88f340', 0, '2022-05-20 05:48:17'),
('c22bb7ca2a679324fdfdc2d050a3445c7835120226a73a219ef19dd322fdb7ec8be8fe4742c79b0f', '83dd9de6339eee5f98961700c3aecc6ed65d1a97a7e6b2c581580838e2dfd0fd8d89be2ee989dfac', 0, '2022-05-20 05:49:36');

-- --------------------------------------------------------

--
-- Table structure for table `password_resets`
--

CREATE TABLE `password_resets` (
  `email` varchar(255) COLLATE utf8mb4_unicode_ci NOT NULL,
  `token` varchar(255) COLLATE utf8mb4_unicode_ci NOT NULL,
  `created_at` timestamp NULL DEFAULT NULL
) ENGINE=InnoDB DEFAULT CHARSET=utf8mb4 COLLATE=utf8mb4_unicode_ci;

-- --------------------------------------------------------

--
-- Table structure for table `products`
--

CREATE TABLE `products` (
  `id` bigint(20) UNSIGNED NOT NULL,
  `created_at` timestamp NULL DEFAULT NULL,
  `updated_at` timestamp NULL DEFAULT NULL,
  `name` varchar(255) COLLATE utf8mb4_unicode_ci NOT NULL,
  `detail` text COLLATE utf8mb4_unicode_ci NOT NULL,
  `price` int(11) NOT NULL,
  `stock` int(11) NOT NULL,
  `discount` int(11) NOT NULL,
  `user_id` int(10) UNSIGNED NOT NULL
) ENGINE=InnoDB DEFAULT CHARSET=utf8mb4 COLLATE=utf8mb4_unicode_ci;

--
-- Dumping data for table `products`
--

INSERT INTO `products` (`id`, `created_at`, `updated_at`, `name`, `detail`, `price`, `stock`, `discount`, `user_id`) VALUES
(1, '2021-05-19 23:43:39', '2021-05-19 23:43:39', 'ut', 'Vel nemo et aspernatur rerum rem natus sit. Maiores quas animi corporis corporis et omnis numquam. Dicta consequatur quasi voluptatem eos amet eligendi.', 535, 7, 26, 1),
(2, '2021-05-19 23:43:39', '2021-05-19 23:43:39', 'non', 'Quia tempore non rerum consequatur at ut qui. Debitis rerum ad voluptates repellendus. Assumenda a error nostrum repudiandae error asperiores pariatur perspiciatis. Neque et consequatur corrupti rem fuga qui.', 556, 3, 27, 10),
(3, '2021-05-19 23:43:39', '2021-05-19 23:43:39', 'eius', 'Qui non et quibusdam ut. Et ipsum saepe ipsa deleniti sit voluptatem. Quia et quia voluptate consequatur. Molestiae voluptatem odio sint ea.', 208, 5, 4, 3),
(4, '2021-05-19 23:43:39', '2021-05-19 23:43:39', 'modi', 'Corrupti voluptatem ab omnis voluptatem numquam molestiae. Enim et vitae vitae officia veritatis cum. Et numquam tempora ullam.', 426, 1, 3, 4),
(5, '2021-05-19 23:43:39', '2021-05-19 23:43:39', 'facilis', 'Provident quod dolore autem magnam. Sint aliquid dolorem ducimus consectetur. Ad omnis qui et aut enim. Repellendus odio ut totam facere optio.', 266, 8, 13, 1),
(6, '2021-05-19 23:43:39', '2021-05-19 23:43:39', 'vel', 'Consequuntur nihil impedit occaecati id eos. Est hic rerum dicta. Esse fugiat in consequatur tenetur nemo dolor voluptatem.', 424, 5, 8, 4),
(7, '2021-05-19 23:43:39', '2021-05-19 23:43:39', 'necessitatibus', 'Eum et nihil impedit iure dolor et at. Ipsa ducimus cum aut nesciunt sed qui quae. Ducimus impedit fuga ipsa eos et et eum. Sequi accusantium autem quibusdam est.', 419, 2, 20, 8),
(8, '2021-05-19 23:43:39', '2021-05-19 23:43:39', 'numquam', 'Tempore qui maiores sunt ullam dolorem rerum. Dolore qui at hic quia quo rerum quibusdam ut. Qui aspernatur quo voluptatum reiciendis quidem. Laboriosam optio occaecati consequatur minus.', 502, 0, 27, 2),
(10, '2021-05-19 23:43:39', '2021-05-19 23:43:39', 'rem', 'Mollitia qui iusto facilis aut et ratione et porro. Alias aliquam odit impedit. Ut molestiae placeat nisi culpa et dignissimos. Fugit ut eligendi ut consectetur quidem.', 876, 4, 11, 9),
(11, '2021-05-19 23:43:39', '2021-05-19 23:43:39', 'odio', 'Laborum ducimus iusto vel sapiente sed iste. Sit et ut neque enim ratione est. Occaecati ad consectetur doloremque. Voluptatem architecto delectus eaque nisi mollitia nostrum possimus.', 524, 5, 5, 1),
(12, '2021-05-19 23:43:39', '2021-05-19 23:43:39', 'quis', 'Vero magni omnis quis et commodi in ut. Aspernatur sunt quia laudantium dolores at suscipit. Sit culpa excepturi autem.', 936, 9, 7, 8),
(13, '2021-05-19 23:43:39', '2021-05-19 23:43:39', 'vitae', 'Et libero consequatur est saepe asperiores provident. Excepturi cumque eius et qui doloribus amet. Labore quia sequi nam iusto dolorem. Quo iusto quia odio.', 271, 9, 9, 4),
(14, '2021-05-19 23:43:39', '2021-05-19 23:43:39', 'rem', 'Ex veniam cum et ab dolore. Temporibus qui laboriosam sunt ipsa adipisci neque dolores. Reprehenderit error quisquam magni id nisi natus consequatur itaque. Consequatur quo ut optio expedita et autem.', 882, 2, 2, 7),
(15, '2021-05-19 23:43:39', '2021-05-19 23:43:39', 'neque', 'Ea qui quas facere necessitatibus consequatur et rerum eos. Voluptas harum fugiat dolorem quisquam dolorum omnis voluptatem. At officia molestias distinctio optio. Ut inventore expedita ut omnis.', 193, 0, 23, 2),
(16, '2021-05-19 23:43:39', '2021-05-19 23:43:39', 'et', 'Quam enim ut incidunt. Dolor harum officiis laborum saepe. Enim aut sunt aut laudantium et enim quo. Iure in possimus voluptas et.', 869, 8, 10, 7),
(17, '2021-05-19 23:43:39', '2021-05-19 23:43:39', 'aut', 'Voluptas et et dolores odio. Facere nulla vel at et. Accusantium corrupti perspiciatis porro corrupti facere. Magnam iusto possimus placeat atque error nesciunt architecto eos.', 604, 3, 22, 4),
(18, '2021-05-19 23:43:39', '2021-05-19 23:43:39', 'maiores', 'Eos sunt iste corporis dolorem voluptatum magnam similique. Labore ipsa aliquam tempore. Velit officiis et distinctio neque sed aut.', 465, 2, 23, 9),
(19, '2021-05-19 23:43:40', '2021-05-19 23:43:40', 'doloribus', 'Repellat ipsa est est facere. Sunt nihil laudantium laboriosam quod amet dicta. Ut consectetur alias qui impedit voluptatem.', 477, 2, 13, 2),
(20, '2021-05-19 23:43:40', '2021-05-19 23:43:40', 'voluptatum', 'Tempora laborum commodi porro excepturi. Rerum ab voluptatibus maxime aut ad. Consequatur consequuntur ut laudantium.', 972, 2, 20, 10),
(21, '2021-05-19 23:43:40', '2021-05-19 23:43:40', 'numquam', 'Accusantium rem eveniet non qui quibusdam id. Sunt voluptas labore inventore deleniti quis. Minima animi ea sed occaecati sed iure ea. Similique architecto ullam vitae sunt perferendis sunt.', 466, 3, 23, 10),
(22, '2021-05-19 23:43:40', '2021-05-19 23:43:40', 'temporibus', 'Rerum est commodi accusamus consequatur quas commodi recusandae corporis. Quas cumque minima et illo minus expedita praesentium. Provident non aut ratione ab fugit laborum laudantium. Impedit cumque ut ducimus perspiciatis omnis.', 174, 5, 22, 2),
(23, '2021-05-19 23:43:40', '2021-05-19 23:43:40', 'facilis', 'Voluptatum fugiat ducimus cum quia error voluptates eos. Id et maxime dolores. Explicabo sapiente alias nihil possimus et id.', 368, 1, 20, 9),
(24, '2021-05-19 23:43:40', '2021-05-19 23:43:40', 'dolor', 'Architecto reiciendis aliquam laboriosam blanditiis ab. A et voluptatibus ut qui. A est mollitia qui eaque veritatis.', 811, 5, 9, 4),
(25, '2021-05-19 23:43:40', '2021-05-19 23:43:40', 'sit', 'Sequi voluptas minima labore fugiat. Aspernatur soluta repellendus iusto quod quia saepe. Et veritatis esse occaecati mollitia quae.', 755, 8, 25, 6),
(26, '2021-05-19 23:43:40', '2021-05-19 23:43:40', 'dignissimos', 'Fugit nisi odit exercitationem. Nisi eveniet asperiores accusamus itaque accusamus sit. Voluptatem sed consectetur et nemo sit porro impedit. At eius at tempore consectetur velit.', 458, 6, 11, 6),
(27, '2021-05-19 23:43:40', '2021-05-19 23:43:40', 'sint', 'Facere veniam dolores omnis fuga quia ex. Non repellat praesentium blanditiis enim vel. Sapiente omnis velit pariatur corporis aut ut. Quia libero exercitationem blanditiis voluptas quaerat.', 615, 6, 9, 9),
(28, '2021-05-19 23:43:40', '2021-05-19 23:43:40', 'molestiae', 'Et nemo quae eum laborum veritatis. Modi nobis voluptatum repudiandae dolorem voluptatem perferendis est. Provident nam asperiores aliquid architecto in necessitatibus. Reprehenderit consequatur ipsum repellendus eaque ex velit.', 234, 2, 9, 9),
(29, '2021-05-19 23:43:40', '2021-05-19 23:43:40', 'quas', 'Dolor et a qui accusamus non veritatis. Aut dolorem a molestias sit reprehenderit ullam. Dolores sapiente doloribus minima repellat laborum nisi beatae.', 943, 3, 24, 10),
(30, '2021-05-19 23:43:40', '2021-05-19 23:43:40', 'sunt', 'Nobis quasi eligendi doloremque. Nobis repellat nihil maxime eveniet accusamus. Aspernatur exercitationem officia occaecati et earum nisi.', 385, 3, 15, 1),
(31, '2021-05-19 23:43:40', '2021-05-19 23:43:40', 'officiis', 'Minima qui minima vel et accusantium. Optio in sed id magnam dolorem. Consectetur natus numquam earum repellendus harum beatae amet. Ab at dolorum cupiditate quis nemo.', 449, 5, 15, 2),
(32, '2021-05-19 23:43:40', '2021-05-19 23:43:40', 'ut', 'Cupiditate voluptate nostrum officia. Sed sunt ab corrupti ea adipisci et. Repellat fugit et rerum excepturi voluptas. Laboriosam rem voluptas qui et.', 163, 3, 28, 10),
(33, '2021-05-19 23:43:40', '2021-05-19 23:43:40', 'consectetur', 'Dicta dicta vel quae id nam qui. Porro deserunt cumque velit aut. Et vel quam id voluptatum et eaque. Expedita officiis voluptatem doloremque velit.', 204, 4, 18, 6),
(34, '2021-05-19 23:43:40', '2021-05-19 23:43:40', 'sed', 'Consequatur eius accusamus a est ex. Officiis ipsam quo ut. Et ut alias aliquam amet amet quibusdam.', 771, 3, 17, 1),
(35, '2021-05-19 23:43:40', '2021-05-19 23:43:40', 'explicabo', 'Numquam quo consequuntur laudantium saepe id provident natus. Dolore aut quaerat molestias provident sunt iure porro. Necessitatibus repudiandae voluptas quia eos et. Voluptates et sint sunt eos architecto temporibus voluptatem sit.', 775, 5, 5, 1),
(36, '2021-05-19 23:43:40', '2021-05-19 23:43:40', 'esse', 'Ad impedit omnis deserunt et veniam odio eligendi. Minima repellendus aliquam est minus harum est minima. Odit ex aut provident libero id consequuntur non. Quasi sit esse maxime ipsa vero doloremque quia. Ut quae nam quis porro hic eum.', 430, 7, 30, 10),
(37, '2021-05-19 23:43:40', '2021-05-19 23:43:40', 'rerum', 'Voluptatibus nihil veniam suscipit ex aut in veniam. Dolore porro itaque beatae inventore explicabo a dolor. Qui quaerat et corrupti hic autem distinctio voluptatem.', 155, 4, 5, 9),
(38, '2021-05-19 23:43:40', '2021-05-19 23:43:40', 'aspernatur', 'Harum dolores et repellat quod maiores. Quae qui sunt velit earum aut culpa.', 105, 9, 15, 9),
(39, '2021-05-19 23:43:40', '2021-05-19 23:43:40', 'aliquid', 'Iure ut praesentium qui aliquam nisi quia sed. Aut quam aliquam error in occaecati minima. Rem et aut sed expedita blanditiis enim magni.', 741, 4, 17, 5),
(40, '2021-05-19 23:43:40', '2021-05-19 23:43:40', 'eligendi', 'Blanditiis sunt et repudiandae nisi quo vero culpa molestiae. Quia in est nostrum suscipit dolor consequatur nesciunt. Repellat praesentium voluptatem molestiae quia voluptates corporis aliquam. Dolorem incidunt commodi non explicabo vel ut magni.', 117, 3, 5, 6),
(41, '2021-05-19 23:43:41', '2021-05-19 23:43:41', 'non', 'Ut dolor soluta voluptatem consequatur. Quia accusamus aut soluta unde quam non sit.', 604, 2, 4, 1),
(42, '2021-05-19 23:43:41', '2021-05-19 23:43:41', 'rerum', 'Soluta et molestiae debitis ratione. Assumenda qui ullam autem ipsum doloribus quos. Aperiam hic explicabo itaque. Voluptatum facere adipisci quas fugit facere. Occaecati vitae omnis autem molestiae ipsum.', 761, 9, 2, 3),
(43, '2021-05-19 23:43:41', '2021-05-19 23:43:41', 'totam', 'Sint facere perferendis qui amet a. Dolor ut ipsa pariatur ea. Suscipit cupiditate libero nam sed quae id.', 345, 5, 9, 7),
(44, '2021-05-19 23:43:41', '2021-05-19 23:43:41', 'id', 'Iste reprehenderit dicta quis molestiae quis et. Quidem blanditiis molestias provident est. Voluptatem dolorem amet eos error doloremque. Earum earum omnis sit.', 589, 8, 5, 6),
(45, '2021-05-19 23:43:41', '2021-05-19 23:43:41', 'rerum', 'Ut neque ipsam explicabo officia optio doloribus. In error ratione est officia odio.', 454, 9, 6, 5),
(46, '2021-05-19 23:43:41', '2021-05-19 23:43:41', 'pariatur', 'Sunt velit quis sint eos. Placeat rerum ipsam eius temporibus eum unde adipisci. Voluptatem aut reiciendis molestias aut et.', 968, 5, 3, 6),
(47, '2021-05-19 23:43:41', '2021-05-19 23:43:41', 'similique', 'Perferendis velit aut quaerat eius nihil odit. Corrupti qui ipsam fugiat ut. Sequi totam deleniti ducimus earum atque harum corporis.', 629, 2, 16, 5),
(48, '2021-05-19 23:43:41', '2021-05-19 23:43:41', 'enim', 'Corrupti et dignissimos sed sed labore quia accusamus. Dolores magnam qui assumenda omnis. Autem aspernatur vel ea mollitia qui soluta sit delectus.', 648, 4, 14, 1),
(49, '2021-05-19 23:43:41', '2021-05-19 23:43:41', 'autem', 'Ex molestias ut porro dolor. Debitis ut porro nisi consequatur.', 874, 7, 2, 7),
(52, '2021-05-20 00:41:01', '2021-05-20 02:00:29', 'check updated yes', 'check updated', 190, 51, 20, 11),
(53, '2021-05-20 01:51:18', '2021-05-20 01:51:18', 'test', 'test test', 190, 5, 12, 11),
(54, '2021-05-20 10:41:11', '2021-05-20 10:41:11', 'tes t', 'test test', 190, 5, 12, 11);

-- --------------------------------------------------------

--
-- Table structure for table `reviews`
--

CREATE TABLE `reviews` (
  `id` bigint(20) UNSIGNED NOT NULL,
  `product_id` bigint(20) UNSIGNED NOT NULL,
  `created_at` timestamp NULL DEFAULT NULL,
  `updated_at` timestamp NULL DEFAULT NULL,
  `customer` varchar(255) COLLATE utf8mb4_unicode_ci NOT NULL,
  `review` text COLLATE utf8mb4_unicode_ci NOT NULL,
  `star` int(11) NOT NULL
) ENGINE=InnoDB DEFAULT CHARSET=utf8mb4 COLLATE=utf8mb4_unicode_ci;

--
-- Dumping data for table `reviews`
--

INSERT INTO `reviews` (`id`, `product_id`, `created_at`, `updated_at`, `customer`, `review`, `star`) VALUES
(1, 3, '2021-05-19 23:43:41', '2021-05-19 23:43:41', 'Ceasar Mills', 'Expedita voluptatem ex molestias a incidunt voluptas sed. Dolor ipsum odit voluptatibus aut nam nihil qui. Tenetur rem minima sit et.', 0),
(2, 29, '2021-05-19 23:43:41', '2021-05-19 23:43:41', 'Katheryn Sanford IV', 'Omnis aut reprehenderit a quam voluptas praesentium. Aut aut officia error. Qui non tempora voluptates quam et porro et animi.', 5),
(4, 35, '2021-05-19 23:43:42', '2021-05-19 23:43:42', 'Prof. Jayson Kemmer V', 'Ea qui aperiam labore architecto. Quasi delectus dolore in dolorum deserunt voluptas. Doloremque quasi quis consequatur. Reprehenderit sed ab voluptatibus iste porro.', 2),
(5, 41, '2021-05-19 23:43:42', '2021-05-19 23:43:42', 'Asia Mueller', 'Vel ut dolorum dicta animi quia in. Soluta excepturi suscipit consectetur libero. Quos incidunt ab rerum a aperiam omnis id est.', 1),
(6, 42, '2021-05-19 23:43:42', '2021-05-19 23:43:42', 'Brayan Franecki PhD', 'Quia itaque nemo fugiat itaque. Ut ea vero saepe eos quae id nostrum. Voluptates in aperiam voluptas voluptatem nemo aut.', 5),
(7, 1, '2021-05-19 23:43:42', '2021-05-19 23:43:42', 'Miss Helga Nitzsche', 'Alias recusandae omnis voluptas rerum. Omnis consequatur nostrum facere quaerat optio id similique. Et eum aut eligendi doloribus nam laudantium quia. Ipsum debitis facere iure voluptatem quo at accusantium.', 1),
(8, 24, '2021-05-19 23:43:42', '2021-05-19 23:43:42', 'Prof. Merritt Paucek IV', 'Iusto officia aut hic quo. Enim incidunt sunt sint fuga aut optio consectetur. Sit ipsum consequatur quos qui vel et accusamus.', 2),
(9, 3, '2021-05-19 23:43:42', '2021-05-19 23:43:42', 'Prof. Shawn Stokes DVM', 'Et sequi ullam soluta iusto dignissimos ipsam delectus. Error qui fugit dolores saepe sunt accusantium qui. Officia sed qui velit qui.', 4),
(10, 32, '2021-05-19 23:43:42', '2021-05-19 23:43:42', 'Mackenzie Klein', 'Aut asperiores in dicta quo explicabo sed molestiae. Reiciendis aut aut qui dolore. Blanditiis ducimus consectetur qui praesentium rerum ipsum. Sunt autem at tenetur aspernatur porro.', 2),
(11, 30, '2021-05-19 23:43:42', '2021-05-19 23:43:42', 'Elaina Kuvalis MD', 'Est deserunt officia enim quis occaecati non laudantium in. Fuga et ut velit laudantium cum ex. Corporis adipisci laboriosam sint nam. Consequatur velit unde qui dolores voluptate.', 4),
(12, 2, '2021-05-19 23:43:42', '2021-05-19 23:43:42', 'Travis Schaefer DDS', 'Ipsum temporibus et doloribus magni quas non. Odit sint beatae nemo at veniam doloribus beatae. Est non nihil laudantium qui nam. Beatae sunt odit quo ut soluta provident dolorem rerum. Velit rerum autem cumque velit ut.', 5),
(13, 42, '2021-05-19 23:43:42', '2021-05-19 23:43:42', 'Mrs. Eva Homenick', 'Perspiciatis non odio repudiandae veniam quia in est. Non et rerum non id. Labore nostrum distinctio qui aliquam voluptates facilis. Ab nulla qui esse aperiam est enim. Quo eum dolore aspernatur vero et sit odit.', 3),
(14, 20, '2021-05-19 23:43:42', '2021-05-19 23:43:42', 'Prof. Moises Dickinson', 'Impedit expedita eligendi totam repellendus. Est officia et vel rerum ut. Et incidunt fugiat tempore alias aut nihil similique saepe. Est sed inventore tenetur sit voluptatem quam similique.', 0),
(15, 35, '2021-05-19 23:43:42', '2021-05-19 23:43:42', 'Keshawn Rodriguez', 'Expedita est perferendis iste mollitia inventore repellat perferendis quisquam. Facilis dolores nihil quaerat. Et ut quam et. At autem nulla quia eligendi molestias dolor.', 5),
(17, 34, '2021-05-19 23:43:42', '2021-05-19 23:43:42', 'Ashlynn McLaughlin', 'Nisi sed nulla iste vel doloremque. Aut accusantium aut delectus veniam ipsam reprehenderit. Quia enim est harum adipisci explicabo autem. Veritatis voluptas beatae nemo dolor. Nisi aut non consequuntur non aut distinctio.', 5),
(18, 13, '2021-05-19 23:43:42', '2021-05-19 23:43:42', 'Tara Harris', 'Dolorem qui voluptates autem quia. Nobis et laudantium rerum maxime consequatur. Voluptatem quidem pariatur vel.', 2),
(19, 23, '2021-05-19 23:43:42', '2021-05-19 23:43:42', 'Myles Sanford', 'Ratione optio eum voluptas qui officia et doloremque. Iste corporis sit cumque fugit quasi.', 4),
(20, 19, '2021-05-19 23:43:42', '2021-05-19 23:43:42', 'Jaylan Lind', 'Sapiente quisquam reprehenderit voluptas maiores est magnam fuga. Eaque asperiores atque aut voluptatem et modi. Sint quia nesciunt magnam quos modi.', 0),
(21, 38, '2021-05-19 23:43:42', '2021-05-19 23:43:42', 'Bella Ruecker PhD', 'Aut repellendus sint qui non quam sed aut voluptatem. Velit non asperiores facere est. Atque eos exercitationem vero ea. Eum tempore vel sed harum delectus. Neque dolorem quis aliquam dicta.', 3),
(22, 49, '2021-05-19 23:43:42', '2021-05-19 23:43:42', 'Tania Walker', 'Aut aliquid consequatur totam veritatis qui. Similique cum et iusto. Nisi ad unde et quidem ipsum sed laudantium.', 4),
(23, 36, '2021-05-19 23:43:42', '2021-05-19 23:43:42', 'Nicholas Hartmann', 'Molestiae sint voluptatum ut animi repudiandae. Aut est facere labore veniam id a delectus.', 2),
(24, 17, '2021-05-19 23:43:42', '2021-05-19 23:43:42', 'Yazmin Yundt', 'Voluptas itaque dicta sit alias deserunt quod officiis. Voluptas repellat quia dignissimos iusto. Voluptates quisquam aut qui ullam fugit rerum vel reprehenderit.', 0),
(25, 18, '2021-05-19 23:43:42', '2021-05-19 23:43:42', 'Miss Minerva Torp III', 'Dolores in aut quia non corporis quidem quos. Aspernatur voluptatem aut mollitia qui temporibus qui tempora. Sit iure ut nemo molestiae placeat. Officiis earum distinctio officiis optio.', 4),
(26, 40, '2021-05-19 23:43:42', '2021-05-19 23:43:42', 'Carrie Reinger', 'Est sed doloribus placeat blanditiis veritatis. Molestiae provident sunt incidunt vel minus placeat asperiores est. Rerum aut provident officiis voluptate qui. Aspernatur iusto aut eos enim labore possimus suscipit.', 5),
(27, 41, '2021-05-19 23:43:42', '2021-05-19 23:43:42', 'Raleigh Nolan', 'Qui sed vel et corrupti qui necessitatibus. Eveniet quas consequatur rem cupiditate architecto. Magnam sint beatae id in quia.', 5),
(28, 13, '2021-05-19 23:43:42', '2021-05-19 23:43:42', 'Adah Kiehn', 'Laudantium aliquid facilis nostrum rerum et. Esse facilis sit quam mollitia eos vitae. Vero et est dolorem. Dolor totam aut eos voluptas.', 3),
(29, 44, '2021-05-19 23:43:43', '2021-05-19 23:43:43', 'Monique Monahan', 'Nulla quasi asperiores qui iusto quis ut. Aut numquam hic aliquam doloribus at corrupti temporibus neque. Libero placeat enim nostrum natus est neque iure quae. Aut laborum rem voluptas temporibus ipsum repellendus quaerat.', 0),
(30, 7, '2021-05-19 23:43:43', '2021-05-19 23:43:43', 'Jeremie Cruickshank', 'Nemo velit vel deleniti maiores hic et. Est cupiditate reiciendis optio voluptate.', 3),
(31, 42, '2021-05-19 23:43:43', '2021-05-19 23:43:43', 'Gwendolyn Bergnaum', 'Laudantium non et sed. Culpa neque incidunt aut rerum et. Qui laudantium quasi cum hic rerum voluptatum. Velit perspiciatis debitis quaerat illo quia nesciunt reiciendis.', 2),
(32, 17, '2021-05-19 23:43:43', '2021-05-19 23:43:43', 'Dr. Tess Kunde', 'Eaque qui quidem et unde commodi rerum officiis. Illum aliquid expedita praesentium rerum eum sit. Cumque nemo quas vero modi. Voluptates aliquam aut est ab est fuga.', 2),
(34, 34, '2021-05-19 23:43:43', '2021-05-19 23:43:43', 'Larue Botsford V', 'Aut dolores at quo vel repudiandae cumque. Ut totam tempora in voluptatem cupiditate est. Nam voluptates est itaque in magni tenetur. Voluptas veniam delectus quae eos minima iure.', 5),
(35, 6, '2021-05-19 23:43:43', '2021-05-19 23:43:43', 'Judson Bauch', 'In ea amet dolorum cupiditate impedit qui. Cum ullam sunt excepturi est atque. Necessitatibus sequi ratione autem quis libero. Minus dolorum ut non fugit fugiat quos. Consequuntur est magnam quidem quasi recusandae illo molestias.', 0),
(36, 36, '2021-05-19 23:43:43', '2021-05-19 23:43:43', 'Florida Quitzon', 'Distinctio tempora consequatur quos qui architecto et magnam. Facilis quaerat quod quis eum libero totam odio voluptatem. Quidem aut officia beatae beatae natus. Et voluptas sunt a.', 5),
(37, 30, '2021-05-19 23:43:43', '2021-05-19 23:43:43', 'Deven Morar', 'Occaecati et non eos dolorum cum. Et perspiciatis itaque facilis dolores facere mollitia expedita ut. Voluptatem ut et esse non. Possimus sunt consequuntur voluptate deserunt eius aut.', 4),
(38, 11, '2021-05-19 23:43:43', '2021-05-19 23:43:43', 'Ilene Nitzsche', 'Recusandae architecto harum ratione tempora. Odio doloremque explicabo non aliquam corporis enim voluptatem perspiciatis. Iusto facere cupiditate voluptate ipsa dolor et. Possimus distinctio harum quo perferendis. Ut dolor repudiandae eveniet qui minima amet maxime.', 3),
(39, 49, '2021-05-19 23:43:43', '2021-05-19 23:43:43', 'Dr. Maverick Block', 'Optio molestiae explicabo repudiandae vel facere dolor qui. Vero et eveniet blanditiis sequi. Qui esse laboriosam repellat ut dicta laudantium in.', 4),
(40, 26, '2021-05-19 23:43:43', '2021-05-19 23:43:43', 'Maci Keeling', 'Eius laboriosam saepe et et cupiditate temporibus explicabo. Ullam est amet dolorem qui. Saepe reprehenderit velit qui vel.', 5),
(41, 1, '2021-05-19 23:43:43', '2021-05-19 23:43:43', 'Dr. Jay Bauch Jr.', 'Nesciunt repudiandae nihil et consectetur et. Esse esse quidem quo quisquam repudiandae est rerum.', 4),
(42, 40, '2021-05-19 23:43:43', '2021-05-19 23:43:43', 'Era Doyle', 'Ullam perferendis autem eveniet. Tempore doloremque id rem omnis nihil adipisci quibusdam omnis. Praesentium eligendi sint itaque molestiae nostrum qui nostrum.', 5),
(43, 8, '2021-05-19 23:43:43', '2021-05-19 23:43:43', 'Jalon Walter', 'Neque deleniti voluptatem vitae aut omnis officiis modi. Excepturi voluptatem natus et vel et aut. Deleniti nisi vel vel eaque occaecati.', 3),
(44, 45, '2021-05-19 23:43:43', '2021-05-19 23:43:43', 'Dr. Leonora Hill', 'A aut rerum quo cumque consequatur sed magni explicabo. Laboriosam aliquam quasi et cumque voluptas fugiat. Quam autem voluptate cupiditate sit modi enim. Facilis est iure quo tempora architecto ut itaque.', 1),
(45, 18, '2021-05-19 23:43:43', '2021-05-19 23:43:43', 'Wade Rippin', 'Quae aut qui sint facilis incidunt cupiditate sed. Magni sint libero esse voluptatem repellendus. Sunt velit est consectetur et officiis cupiditate pariatur. Temporibus vel sint fugit alias nihil.', 0),
(46, 25, '2021-05-19 23:43:43', '2021-05-19 23:43:43', 'Donato Hudson', 'Iusto dolores voluptatem aut rerum est. Voluptates tempora odit sit qui. Odit aliquam assumenda facilis possimus neque culpa facere. Ab et harum et velit. Vel quos voluptatum qui quidem inventore dolores repellendus est.', 0),
(47, 33, '2021-05-19 23:43:43', '2021-05-19 23:43:43', 'Ibrahim Herzog', 'Voluptatibus impedit molestias vero ut. Dolor non fugiat ex sed. Est voluptatem soluta non. Quis id eligendi doloremque dignissimos.', 5),
(48, 36, '2021-05-19 23:43:43', '2021-05-19 23:43:43', 'Kenny Schuster', 'Saepe deleniti et sed et optio mollitia aut. Voluptate blanditiis porro dolorum non. Sunt accusantium iure dicta dolore. Optio maxime at dicta quae illo est eum.', 5),
(49, 46, '2021-05-19 23:43:43', '2021-05-19 23:43:43', 'Lea Wehner PhD', 'Aperiam labore quo saepe quas dolorum nulla. Laudantium tempore repudiandae maxime explicabo quia ullam. Est molestiae beatae fuga.', 5),
(50, 43, '2021-05-19 23:43:43', '2021-05-19 23:43:43', 'Ms. Treva O\'Hara PhD', 'Non harum saepe veritatis necessitatibus totam qui et. Cupiditate rerum inventore exercitationem culpa reprehenderit magnam laborum. Nisi itaque sapiente quibusdam non ut.', 4),
(51, 16, '2021-05-19 23:43:44', '2021-05-19 23:43:44', 'Kirsten Vandervort', 'Eaque aut laborum qui aut quasi. Expedita voluptates et voluptatibus reiciendis. Dolore dolores atque nihil in fugit est et.', 5),
(53, 6, '2021-05-19 23:43:44', '2021-05-19 23:43:44', 'Alexander Waters', 'Enim doloribus perspiciatis voluptates sunt eveniet quo. Repudiandae velit cum veniam eligendi cumque optio tempore. Et molestiae quae et in repudiandae doloremque ad.', 2),
(54, 41, '2021-05-19 23:43:44', '2021-05-19 23:43:44', 'Mr. Sam Durgan', 'Porro consequatur quia laudantium numquam. Eveniet et ut nostrum voluptatem minima suscipit aut.', 1),
(55, 25, '2021-05-19 23:43:44', '2021-05-19 23:43:44', 'Mr. Hassan Cummerata Jr.', 'Pariatur qui qui aut. Deleniti qui optio dolore impedit sapiente sint. Autem voluptatem dolores sint veritatis qui voluptatibus omnis.', 3),
(56, 23, '2021-05-19 23:43:44', '2021-05-19 23:43:44', 'Kayla Grady', 'Consectetur voluptas velit rerum dolor quod enim. Tempora tempora voluptatum iusto nam velit. In officiis voluptatem ipsam eligendi. Eum iure exercitationem aut aliquid praesentium porro. Quo cumque id ab exercitationem dicta harum.', 5),
(57, 45, '2021-05-19 23:43:44', '2021-05-19 23:43:44', 'Rene Hammes', 'Voluptatem assumenda placeat quisquam nemo et officiis. Placeat natus velit iure rerum amet. Quam nostrum labore sapiente modi adipisci autem dolore iure.', 5),
(58, 5, '2021-05-19 23:43:44', '2021-05-19 23:43:44', 'Sincere Shanahan V', 'Optio esse suscipit sed aut omnis aut. At ut ut commodi ut reprehenderit ipsam. Deserunt est accusantium nemo rem sequi. Vitae quis ut ut aperiam.', 0),
(59, 33, '2021-05-19 23:43:44', '2021-05-19 23:43:44', 'Luther Bradtke', 'Quis aut dolores aut qui. Facere alias in consequatur reiciendis et aperiam. Voluptatem laudantium soluta iste quia aliquam. Doloremque et est blanditiis.', 0),
(61, 5, '2021-05-19 23:43:44', '2021-05-19 23:43:44', 'Theodore Hudson', 'Ad a quia pariatur eius alias aspernatur numquam asperiores. Similique aliquid magni optio natus. Tenetur alias dolorem fugiat. Enim eaque quas sed sit est aut.', 1),
(62, 37, '2021-05-19 23:43:44', '2021-05-19 23:43:44', 'Genesis Donnelly', 'Hic numquam et officia quod est cupiditate. Iusto debitis et voluptatibus et. Sequi ea earum a inventore aperiam. Dolorum deleniti ea quaerat harum.', 4),
(63, 15, '2021-05-19 23:43:44', '2021-05-19 23:43:44', 'Oswaldo Raynor', 'Aut eos rem quo omnis. Rerum eos praesentium id minus pariatur. Quisquam est accusamus vel quibusdam adipisci qui nisi.', 4),
(64, 39, '2021-05-19 23:43:44', '2021-05-19 23:43:44', 'Vincenza Koepp', 'Rerum sit doloribus officiis eius ex. Eos velit unde dolorem quis. Iste voluptatem adipisci et non facilis cupiditate.', 2),
(65, 43, '2021-05-19 23:43:44', '2021-05-19 23:43:44', 'Dolores Ernser', 'Quo provident assumenda officiis aut nobis. Qui autem saepe et eaque. Assumenda expedita pariatur nihil dignissimos nulla.', 3),
(66, 36, '2021-05-19 23:43:44', '2021-05-19 23:43:44', 'Jimmie Dickinson', 'Ut mollitia neque doloribus at. In dolor itaque dolor occaecati laboriosam atque veritatis. Modi eligendi nobis est autem dolorem dolores.', 3),
(67, 46, '2021-05-19 23:43:44', '2021-05-19 23:43:44', 'Prof. Arjun Kautzer', 'Tempora cupiditate eveniet doloremque adipisci laudantium nam eveniet. Id accusamus voluptatem pariatur quibusdam. Mollitia non eius non consequatur aspernatur alias. Molestiae rerum nemo inventore neque illum vitae explicabo.', 2),
(68, 13, '2021-05-19 23:43:44', '2021-05-19 23:43:44', 'Boris Beer', 'Eos consequatur aliquam numquam et veritatis est. Aspernatur deserunt qui velit quasi saepe molestiae quas. Tempore numquam possimus et sunt.', 5),
(69, 33, '2021-05-19 23:43:44', '2021-05-19 23:43:44', 'Stacy Dare', 'Et omnis aut qui sint magni dignissimos alias totam. Et doloremque dolorem vitae optio error. Repudiandae rem tempora et facere iure. Aut occaecati incidunt deserunt vel ea et id.', 5),
(71, 41, '2021-05-19 23:43:44', '2021-05-19 23:43:44', 'Bernie Leffler', 'Tenetur pariatur nulla perspiciatis eligendi deserunt natus quam. Illo et libero impedit officia porro alias. Voluptatem quaerat rerum maxime nam. Qui sit iusto sed id iusto quis.', 2),
(72, 11, '2021-05-19 23:43:45', '2021-05-19 23:43:45', 'Susie Batz', 'Reprehenderit repudiandae maxime quibusdam autem fugit. Est aut sit fugit quae nostrum iste.', 0),
(73, 31, '2021-05-19 23:43:45', '2021-05-19 23:43:45', 'Mr. Myrl Macejkovic', 'Maxime vero dolores officiis consequatur. Recusandae similique non ratione aut cumque dolorum.', 5),
(74, 27, '2021-05-19 23:43:45', '2021-05-19 23:43:45', 'Gianni Marvin', 'Esse cum aut aut cumque porro necessitatibus quis nisi. Magni distinctio ratione culpa sit quo. Eaque laudantium maxime exercitationem ut. Officia ut enim eligendi omnis nulla.', 3),
(75, 8, '2021-05-19 23:43:45', '2021-05-19 23:43:45', 'Aleen Purdy', 'Commodi praesentium quaerat excepturi quo aut ea blanditiis qui. Libero molestiae maiores odio. Ipsa possimus perspiciatis blanditiis sit. Voluptas quos magnam aut dolorem quod.', 1),
(76, 3, '2021-05-19 23:43:45', '2021-05-19 23:43:45', 'Liana Kihn', 'Praesentium veniam dolores ut optio. Earum ut provident accusantium est perspiciatis necessitatibus. Sequi quis officiis iusto alias cupiditate dolorem.', 3),
(77, 5, '2021-05-19 23:43:45', '2021-05-19 23:43:45', 'Ottilie Bogan', 'Deleniti vero non est quia praesentium dolores. Officiis doloribus sit vitae omnis. Ducimus aut accusantium eos beatae. Commodi veritatis laborum dolorum accusamus eum.', 0),
(78, 34, '2021-05-19 23:43:45', '2021-05-19 23:43:45', 'Charity Kilback', 'Rerum assumenda harum laudantium cumque in. Voluptatem necessitatibus impedit vel similique dolore occaecati. Doloremque maiores error sed nesciunt ut temporibus.', 3),
(79, 43, '2021-05-19 23:43:45', '2021-05-19 23:43:45', 'Kristoffer Lubowitz', 'Est odio dolor excepturi. Et nulla est quisquam. Officia ea error asperiores maxime voluptatem fugiat incidunt.', 0),
(80, 39, '2021-05-19 23:43:45', '2021-05-19 23:43:45', 'Coleman O\'Keefe V', 'Qui natus qui vel distinctio velit et molestiae voluptatem. Explicabo dolorum aut in culpa. Et quisquam fugiat doloribus id commodi sequi. Suscipit dolores sit laborum dolorem. Temporibus quod vel consequatur eveniet blanditiis aut.', 0),
(81, 8, '2021-05-19 23:43:45', '2021-05-19 23:43:45', 'Raina Paucek', 'Tenetur minima libero vero saepe reiciendis delectus. Beatae est doloribus totam aperiam velit architecto. Sint laborum dolores qui voluptates corrupti est blanditiis. Est itaque odio nobis odio.', 1),
(82, 42, '2021-05-19 23:43:45', '2021-05-19 23:43:45', 'Leola Beer', 'Voluptatum et asperiores blanditiis molestias. Incidunt possimus voluptate et et velit non. Ut eos quos quas sed.', 3),
(83, 26, '2021-05-19 23:43:45', '2021-05-19 23:43:45', 'Emmet Fisher', 'Autem molestias sunt esse soluta voluptas. Aperiam itaque est voluptatem possimus. Et animi quod qui neque perferendis voluptatem voluptas. Molestias consequatur ipsa doloribus voluptas.', 0),
(84, 44, '2021-05-19 23:43:45', '2021-05-19 23:43:45', 'Arjun Harvey', 'Voluptas quis vel fugit saepe corporis placeat. Soluta tenetur provident reiciendis maiores molestiae sed. Ut voluptate ea et sunt quia pariatur sint. Est totam quod repudiandae deserunt ipsam pariatur.', 0),
(85, 37, '2021-05-19 23:43:45', '2021-05-19 23:43:45', 'Manley Wehner', 'Sit ut fugit doloribus aut est. Eius illum atque voluptatem. Porro totam harum recusandae quo alias beatae voluptatem qui. Exercitationem fugit error provident est occaecati odio molestiae aut.', 3),
(86, 24, '2021-05-19 23:43:45', '2021-05-19 23:43:45', 'Mr. Haleigh Carter', 'Culpa a quia ex similique. Deserunt quo aut fugit consequuntur cumque nisi sed aperiam. Assumenda similique pariatur maxime esse non delectus sunt. Assumenda asperiores maxime totam possimus corporis voluptas quia.', 2),
(87, 47, '2021-05-19 23:43:45', '2021-05-19 23:43:45', 'Elissa Prosacco', 'Quaerat eligendi eum modi dicta. Quod sit sed est quam et est non.', 3),
(88, 28, '2021-05-19 23:43:45', '2021-05-19 23:43:45', 'Miss Kristina Spencer', 'Sint non quod libero et ex. Et voluptas voluptatem necessitatibus commodi. Est et vero itaque magnam quasi quia. Reiciendis corporis dolorem quo debitis.', 0),
(89, 25, '2021-05-19 23:43:45', '2021-05-19 23:43:45', 'Dorcas Wiza', 'Sunt maiores magnam velit itaque quidem temporibus. Et reprehenderit rem aut architecto atque quia esse.', 5),
(90, 38, '2021-05-19 23:43:45', '2021-05-19 23:43:45', 'Miss Bethany Hermann', 'Tenetur harum commodi ut id culpa non non aspernatur. Sed facere nobis occaecati sint ut impedit reiciendis. Praesentium illum officia adipisci perferendis unde cupiditate. Unde laboriosam optio ducimus et autem.', 5),
(91, 12, '2021-05-19 23:43:45', '2021-05-19 23:43:45', 'Prof. Ruben Luettgen', 'Eum voluptas non quia officia dolores eligendi. Est sed expedita dignissimos ullam et doloremque sit. Recusandae sapiente quam tenetur eum at molestiae. Et cumque atque officiis eligendi animi aliquam.', 5),
(93, 42, '2021-05-19 23:43:45', '2021-05-19 23:43:45', 'Dr. Lenny Ruecker', 'Quia quasi ipsum in enim earum. Tempora assumenda nisi iste adipisci consequuntur praesentium. Delectus eligendi sint aut ipsum minus rem.', 2),
(94, 43, '2021-05-19 23:43:45', '2021-05-19 23:43:45', 'Ansley Dooley DVM', 'Ex quisquam impedit quasi ad laudantium ipsa. Amet dolor voluptate sint est. Non omnis facere reiciendis. Quisquam voluptatem ipsam sint cumque odio in non.', 0),
(95, 2, '2021-05-19 23:43:45', '2021-05-19 23:43:45', 'Ceasar Greenfelder', 'Sequi eos facilis rerum ratione sunt hic nesciunt. Magni provident ut ut molestiae aut. Mollitia facere id blanditiis voluptas eum. Harum vel eos ipsa est omnis.', 3),
(96, 29, '2021-05-19 23:43:45', '2021-05-19 23:43:45', 'Jaylen Blanda', 'Velit et doloremque et temporibus porro. Culpa tempora quia velit at autem. Ut nesciunt nam quia tempora non. Molestiae iusto qui pariatur incidunt corrupti aperiam. Repudiandae voluptas rerum est.', 4),
(97, 26, '2021-05-19 23:43:45', '2021-05-19 23:43:45', 'Prof. Eveline Baumbach Sr.', 'Officia corrupti ea error vero. Sed earum iure iste rem libero quis ut. Perferendis sunt voluptatem itaque doloremque facere vel. In aut delectus libero consectetur provident minus quo. Doloribus adipisci et dolores cupiditate in.', 3),
(98, 24, '2021-05-19 23:43:45', '2021-05-19 23:43:45', 'Kirsten Lang', 'Id quas earum sit officiis cupiditate et maxime. Ut doloremque doloremque magni inventore. Veritatis enim adipisci aut velit.', 0),
(99, 17, '2021-05-19 23:43:46', '2021-05-19 23:43:46', 'Drake Streich', 'Sunt voluptates quam vel dolorem mollitia pariatur. Qui omnis magni eos. Minus facere esse ex distinctio alias temporibus. Ratione ipsum est facere accusantium quia delectus.', 2),
(100, 6, '2021-05-19 23:43:46', '2021-05-19 23:43:46', 'Garret Weimann Jr.', 'Repellendus ea pariatur commodi et qui ut. Illum et aut eveniet quos. Quod molestias dolor tenetur eligendi.', 5),
(101, 35, '2021-05-19 23:43:46', '2021-05-19 23:43:46', 'Madaline Aufderhar IV', 'Autem quibusdam voluptatum velit. Quia voluptatibus dignissimos cum et perferendis magnam. Laudantium nisi aperiam eum ipsum odio eum mollitia. Sit soluta maxime optio quisquam consequatur a commodi quibusdam.', 1),
(102, 10, '2021-05-19 23:43:46', '2021-05-19 23:43:46', 'Harmon Kertzmann MD', 'Labore occaecati maxime voluptatem. Laudantium sit hic maxime molestiae mollitia iure. Fugiat fugit tempora et qui cumque qui. Ut praesentium neque autem ratione aliquam placeat omnis.', 1),
(103, 20, '2021-05-19 23:43:46', '2021-05-19 23:43:46', 'Abner Mohr IV', 'Delectus a cum ut voluptatem sapiente qui. Voluptatem velit deleniti qui repudiandae vero possimus quo eos. Doloremque labore nesciunt accusantium ut aperiam odio.', 2),
(104, 45, '2021-05-19 23:43:46', '2021-05-19 23:43:46', 'Brandy Corkery', 'Consequuntur cupiditate ab quae consectetur. Sint sed quisquam esse veritatis. Tempora porro dolores iste inventore.', 3),
(105, 42, '2021-05-19 23:43:46', '2021-05-19 23:43:46', 'Leila Zieme', 'Maiores non totam sit voluptatem ea repellendus quas. Suscipit error doloribus est sapiente dolorum sit. Eligendi non minima enim molestiae voluptas. Et est cupiditate laudantium vero occaecati unde et.', 3),
(106, 48, '2021-05-19 23:43:46', '2021-05-19 23:43:46', 'Demetrius Lockman', 'Velit est voluptate sed voluptatem nostrum. Ex et ut laboriosam non adipisci nulla minus. Ex qui facere consequatur perferendis ea magni aut in. Fugit excepturi sed quo dolores quam eligendi.', 5),
(107, 22, '2021-05-19 23:43:46', '2021-05-19 23:43:46', 'Mr. Dante Bayer', 'Et in velit quia accusantium corporis ea cupiditate cum. Ut dolorem enim iusto aut. Inventore molestiae et minus tempore deleniti quia. Iste quia rerum consequatur ullam.', 1),
(108, 15, '2021-05-19 23:43:46', '2021-05-19 23:43:46', 'Dr. Emery Kassulke III', 'Reiciendis dolorem omnis voluptate at ut repudiandae. Quam molestias sint omnis a porro ullam animi.', 5),
(109, 37, '2021-05-19 23:43:46', '2021-05-19 23:43:46', 'Carleton Fisher', 'Natus earum consequatur nobis magnam enim iste. Incidunt omnis eligendi aspernatur et optio ut dolore aperiam. Dolorum blanditiis consequatur neque in qui in.', 2),
(110, 41, '2021-05-19 23:43:46', '2021-05-19 23:43:46', 'Dr. Stanford Gutmann', 'Minima laudantium incidunt incidunt nihil quis sint temporibus. Itaque est soluta est quia ipsa veniam porro. Sit aut impedit ipsam quo. Et sit recusandae sed ut odit eos qui.', 2),
(111, 22, '2021-05-19 23:43:46', '2021-05-19 23:43:46', 'Rodrigo Ortiz', 'Vero maxime consequuntur corrupti rem. Velit dolores ea sed officiis ut aut est. Officia aut est consequatur.', 3),
(113, 11, '2021-05-19 23:43:46', '2021-05-19 23:43:46', 'Jake Kirlin IV', 'Et qui nihil quia necessitatibus aut aut. Est sed quisquam aut minus est ea.', 3),
(114, 41, '2021-05-19 23:43:46', '2021-05-19 23:43:46', 'Kendall Kirlin', 'Sit beatae accusamus modi quo non quasi. Sunt libero recusandae qui alias.', 3),
(115, 19, '2021-05-19 23:43:46', '2021-05-19 23:43:46', 'Juvenal Moen', 'Tempore quam dignissimos provident non. Aspernatur eum impedit sed iure. Harum qui animi esse.', 3),
(116, 18, '2021-05-19 23:43:46', '2021-05-19 23:43:46', 'Mrs. Alysson Walker', 'Necessitatibus ab voluptatem deserunt facilis delectus voluptas. Voluptatem odio impedit est dolorem minima.', 5),
(117, 3, '2021-05-19 23:43:46', '2021-05-19 23:43:46', 'Rhianna Kautzer', 'Est non qui rerum odio pariatur et. Doloremque fuga iusto id vero. Quod quo ea non est hic modi. Temporibus repellat minima ut.', 1),
(118, 27, '2021-05-19 23:43:46', '2021-05-19 23:43:46', 'Dr. Edgar Corwin', 'Autem ab eos eveniet dolores incidunt. Vero illo repellat et non. Ipsam consequatur consequatur cumque odit est assumenda et. Aut occaecati corrupti dolorem cum laboriosam aut earum.', 4),
(119, 44, '2021-05-19 23:43:46', '2021-05-19 23:43:46', 'Dariana Buckridge DVM', 'Facilis est natus harum animi. Rerum qui quos assumenda ducimus accusantium ex repellendus. Rem hic voluptatem quam doloremque quo voluptatum.', 1),
(120, 21, '2021-05-19 23:43:46', '2021-05-19 23:43:46', 'Hertha Sawayn', 'Voluptatem blanditiis placeat placeat ea ut. Corrupti debitis voluptas facilis totam reiciendis ut molestiae.', 0),
(121, 30, '2021-05-19 23:43:46', '2021-05-19 23:43:46', 'Kaleb Goldner PhD', 'Sed accusantium cumque et est ea eos. Odit sed earum magnam nesciunt. Repellendus rem fugiat harum molestiae ipsum accusamus. Minima sit eius voluptatem nisi molestias.', 1),
(122, 16, '2021-05-19 23:43:46', '2021-05-19 23:43:46', 'Joan Paucek', 'Et corrupti ducimus similique repudiandae rem aut reiciendis saepe. Corrupti optio incidunt sed quas.', 4),
(123, 18, '2021-05-19 23:43:47', '2021-05-19 23:43:47', 'Lou Gorczany', 'Rerum voluptas magnam sed reiciendis. Hic quasi fuga et dolorem corporis sed consequatur. Blanditiis alias in aspernatur.', 1),
(124, 10, '2021-05-19 23:43:47', '2021-05-19 23:43:47', 'Kieran Raynor', 'Dolorem praesentium eius sed atque quo consequuntur ullam. Suscipit quia illum unde. Eos suscipit neque possimus quo sapiente quaerat id.', 5),
(125, 40, '2021-05-19 23:43:47', '2021-05-19 23:43:47', 'Devante Corkery', 'Error rem voluptatem minima ut commodi illo. Quis et enim quam expedita minus provident exercitationem. Pariatur et nobis sit atque et voluptatem dolorum. Qui assumenda vero eligendi neque. Repudiandae eos velit et fugiat.', 3),
(126, 27, '2021-05-19 23:43:47', '2021-05-19 23:43:47', 'Jon Barrows', 'Illo delectus consectetur eos. Aspernatur odio earum et expedita veniam vitae. Voluptatibus architecto dolores architecto. Magni cumque qui quod dicta quia.', 3),
(127, 43, '2021-05-19 23:43:47', '2021-05-19 23:43:47', 'Mr. Billy Paucek', 'Unde esse corrupti dolor. Placeat eos suscipit ab deserunt. Debitis commodi voluptatem necessitatibus qui aut dicta soluta dolores.', 3),
(128, 44, '2021-05-19 23:43:47', '2021-05-19 23:43:47', 'Alisha Gibson Sr.', 'Sed natus voluptatum ex accusantium repellendus autem. Nesciunt corporis natus soluta in repellendus. Dolor amet nihil deserunt soluta expedita.', 4),
(129, 1, '2021-05-19 23:43:47', '2021-05-19 23:43:47', 'Devan Hodkiewicz V', 'Sunt vel eligendi tenetur ducimus dolorum et id. Ut ea et maxime ut quisquam libero autem harum. Sit dolore laudantium et reprehenderit nemo eaque qui. Ut animi molestiae itaque iure perspiciatis eos. Nesciunt laboriosam numquam ut et qui.', 4),
(130, 3, '2021-05-19 23:43:47', '2021-05-19 23:43:47', 'Ms. Karelle Doyle I', 'Sunt libero commodi corporis quis at mollitia numquam autem. Iste qui deserunt et eum sed esse. Et velit veniam numquam enim animi beatae. Fugit magni consequatur molestias adipisci odit.', 4),
(131, 36, '2021-05-19 23:43:47', '2021-05-19 23:43:47', 'Morgan Herman', 'Accusamus repellendus alias rerum et. Assumenda debitis at soluta. Dolorem sequi quia porro non at.', 5),
(132, 21, '2021-05-19 23:43:47', '2021-05-19 23:43:47', 'Lynn Kunze', 'Sunt occaecati aliquam autem quis assumenda sit rerum. Quam sunt vel minima corrupti ab eum. Nihil itaque eos molestias debitis et quo. Sed vel mollitia sed.', 1),
(133, 27, '2021-05-19 23:43:47', '2021-05-19 23:43:47', 'Maryjane Rosenbaum', 'Aliquam aperiam aliquid neque debitis. Et est et sapiente est quia corporis. Est nobis corrupti labore nemo.', 4),
(134, 21, '2021-05-19 23:43:47', '2021-05-19 23:43:47', 'Alvera Carter', 'Consequatur illum itaque suscipit nostrum in. Temporibus cum maiores eaque dolores. Et eum distinctio nihil tempora non.', 5),
(135, 34, '2021-05-19 23:43:47', '2021-05-19 23:43:47', 'Loma Mante', 'Quas at eius et ad aut ut. Libero nihil non labore quia dicta et corrupti. Soluta tempore id aut sed quis unde.', 3),
(136, 16, '2021-05-19 23:43:47', '2021-05-19 23:43:47', 'Lea Johns', 'Ullam distinctio ea numquam accusamus sapiente enim asperiores. Porro nemo quo dolor. Cupiditate quas ut voluptates aliquam dolores odio.', 3),
(137, 1, '2021-05-19 23:43:47', '2021-05-19 23:43:47', 'Mrs. Verna Kemmer', 'Voluptatem voluptates aut neque possimus exercitationem et earum. Inventore voluptate non dignissimos. Deserunt suscipit quia explicabo nemo hic nihil enim. Aut et expedita tenetur sed aut est.', 2),
(138, 28, '2021-05-19 23:43:47', '2021-05-19 23:43:47', 'Dane Howe', 'Quis quis voluptatum tenetur quidem explicabo dolor accusantium. Vel nostrum sunt velit sit. Voluptatum minima animi et quia. Quo omnis dolorum laboriosam inventore. Fugiat nemo iusto officiis et assumenda.', 1),
(139, 48, '2021-05-19 23:43:47', '2021-05-19 23:43:47', 'Tyler Bernier', 'Soluta veniam sapiente velit quia alias perferendis quia nihil. Quidem et rem illo sint. Reprehenderit est architecto ex quaerat deserunt deserunt officia minima.', 2),
(140, 40, '2021-05-19 23:43:47', '2021-05-19 23:43:47', 'Prof. Jazmyn Huel III', 'Cupiditate omnis architecto enim quaerat beatae cum consequuntur. Excepturi repellendus eaque non quia rerum voluptas adipisci. Possimus minus distinctio laborum quia nihil praesentium. Hic sunt occaecati non sed.', 2),
(141, 29, '2021-05-19 23:43:47', '2021-05-19 23:43:47', 'Hobart Rogahn', 'Ut velit veritatis commodi nobis ut provident. Culpa officia nostrum quasi veniam ratione. Cupiditate quis corrupti pariatur velit est commodi quod.', 4),
(142, 29, '2021-05-19 23:43:47', '2021-05-19 23:43:47', 'Jayne Ortiz', 'Enim qui illo temporibus saepe ut dolor. Ut laudantium sint eveniet corrupti cupiditate autem minima. Dolorem numquam vel unde doloribus modi ipsa nobis. Itaque quia voluptatem minus.', 5),
(143, 29, '2021-05-19 23:43:48', '2021-05-19 23:43:48', 'Vincent Kub', 'Ut labore error rerum. Quo quasi repellat autem eum ea ut. Repellat asperiores laudantium est error qui. Aspernatur sed dolores nihil delectus et velit.', 5),
(144, 30, '2021-05-19 23:43:48', '2021-05-19 23:43:48', 'Ms. Sadie Jast IV', 'Nam voluptatem placeat atque dolores dolor inventore. Tempore et aperiam nobis dicta laboriosam. Magni dolorem qui dolore et.', 5),
(145, 38, '2021-05-19 23:43:48', '2021-05-19 23:43:48', 'Caterina Abshire', 'Ratione deserunt atque fuga voluptate. Esse sequi porro cumque rerum sed aut. Voluptatem ullam repudiandae iusto quas aperiam. Iusto sequi dolor officia. Et non ut quia aliquid iure.', 2),
(146, 45, '2021-05-19 23:43:48', '2021-05-19 23:43:48', 'Okey Treutel DDS', 'Ut quo dignissimos exercitationem reiciendis. Cum quibusdam non quidem cumque aut illo. Earum nobis dolorem esse dolor. Praesentium ipsa et soluta sint.', 3),
(147, 30, '2021-05-19 23:43:48', '2021-05-19 23:43:48', 'Carson Buckridge', 'Architecto unde alias repellendus rerum velit eos odit. Ab odio error voluptas et consequatur odit blanditiis quo. Fuga voluptatibus nihil tenetur suscipit. Iusto reprehenderit et et nam dolores et. Possimus esse incidunt nulla sed numquam.', 3),
(148, 28, '2021-05-19 23:43:48', '2021-05-19 23:43:48', 'Darrick Erdman', 'Occaecati sequi animi ut tenetur nostrum ullam incidunt. Reprehenderit fuga possimus voluptas et at quia et. Accusamus iusto autem quidem perspiciatis repellat quia.', 3),
(149, 10, '2021-05-19 23:43:48', '2021-05-19 23:43:48', 'Silas Hansen', 'Ipsa assumenda unde qui fuga atque quidem. Sint sapiente maiores nostrum explicabo. Rerum commodi ipsam quia error. Et tempore nulla architecto quod eum dolorem velit. Quaerat eligendi aperiam nihil.', 1),
(150, 31, '2021-05-19 23:43:48', '2021-05-19 23:43:48', 'Christina Konopelski', 'Alias odio quibusdam esse aperiam. Aut reprehenderit sapiente et.', 4),
(151, 35, '2021-05-19 23:43:48', '2021-05-19 23:43:48', 'Ms. Laila Strosin Sr.', 'Vero et laborum perspiciatis velit laboriosam repellat. Totam ut accusamus earum recusandae sed nobis veniam.', 3),
(152, 2, '2021-05-19 23:43:48', '2021-05-19 23:43:48', 'Tracey Roob', 'Molestias officiis exercitationem doloribus optio explicabo. Veniam et inventore est dolores ut qui et. Perspiciatis cupiditate eos labore qui dolor omnis rerum. Dolores autem aut quas qui ut quia.', 3),
(153, 15, '2021-05-19 23:43:48', '2021-05-19 23:43:48', 'Jeanne Mills', 'Dolorem voluptates earum iure laudantium nostrum porro. Sit aliquid rem fuga libero quia sunt. Eos veniam deleniti sunt et reprehenderit. Fuga et nulla rerum quasi consectetur culpa vel.', 5),
(154, 5, '2021-05-19 23:43:48', '2021-05-19 23:43:48', 'Miss Piper Koelpin', 'Quaerat cum et ipsum. Sequi sit et adipisci laborum. Deserunt eaque maxime non occaecati. Sed et similique ea enim velit ullam reprehenderit debitis. Beatae dolores unde sint qui aliquam.', 0),
(155, 30, '2021-05-19 23:43:48', '2021-05-19 23:43:48', 'Dr. Fletcher Considine PhD', 'Nisi et incidunt possimus rerum est. Odio distinctio assumenda magni asperiores optio nostrum architecto. Voluptatem officiis non tenetur temporibus et qui.', 4),
(156, 21, '2021-05-19 23:43:48', '2021-05-19 23:43:48', 'Al Herzog', 'Quia quis quibusdam aut fugiat aut quae ullam. Quam et inventore voluptate. Quis aliquam blanditiis adipisci perferendis aut natus debitis corrupti.', 0),
(157, 22, '2021-05-19 23:43:48', '2021-05-19 23:43:48', 'Cheyenne Jaskolski', 'Corporis tempore dolorem omnis blanditiis consequatur qui iure veniam. Omnis quia qui maxime iusto. Quia libero earum velit officiis sed.', 4),
(158, 24, '2021-05-19 23:43:48', '2021-05-19 23:43:48', 'Miss Janessa Konopelski', 'Iusto autem molestias tempore natus architecto voluptate aut omnis. Deserunt aut architecto quia alias eum. Necessitatibus eum vitae officiis itaque eveniet incidunt odit.', 5),
(159, 1, '2021-05-19 23:43:48', '2021-05-19 23:43:48', 'Lea Jenkins III', 'Non sit error libero officiis. Eos provident voluptatem itaque non modi eveniet. Praesentium eaque aut numquam quo omnis id vel.', 5),
(160, 16, '2021-05-19 23:43:48', '2021-05-19 23:43:48', 'Prof. Miller Heller I', 'Iusto earum modi fugit sit. Velit quam ut aut id voluptatibus qui. Quas quam eos iure nulla odio consequatur atque. Suscipit quia aliquam neque tempore officiis velit. Amet aut ad incidunt et et velit.', 3),
(161, 28, '2021-05-19 23:43:48', '2021-05-19 23:43:48', 'Tom Denesik', 'Commodi nemo magni ut. Sunt eos voluptates itaque eius et quis. Aut eveniet totam eos. Facere itaque adipisci et atque dolor.', 2),
(162, 49, '2021-05-19 23:43:48', '2021-05-19 23:43:48', 'Mohamed Hyatt', 'Omnis corporis odit id reprehenderit ab delectus sunt. Sint excepturi sint ab blanditiis placeat inventore qui porro. Ab numquam temporibus consequatur nostrum qui vero quam.', 5),
(163, 15, '2021-05-19 23:43:48', '2021-05-19 23:43:48', 'Sienna Flatley', 'Qui ullam ad sed. Laboriosam et aut eius qui tenetur aut qui et. Qui enim sunt aperiam nemo voluptates saepe reiciendis.', 0),
(164, 14, '2021-05-19 23:43:48', '2021-05-19 23:43:48', 'Florence Gutkowski I', 'Voluptas fugit perferendis nihil quaerat et et. Placeat recusandae exercitationem qui omnis qui. Facilis ut nobis harum ut.', 4),
(165, 28, '2021-05-19 23:43:49', '2021-05-19 23:43:49', 'Ms. Vicenta Fisher', 'Quod et velit et libero ipsam. Aperiam aperiam expedita voluptatem soluta nihil iste dolores. Harum esse aut totam sunt mollitia fugiat est.', 4),
(167, 28, '2021-05-19 23:43:49', '2021-05-19 23:43:49', 'Hunter Watsica', 'Accusantium officia repudiandae sapiente qui eos ad modi. Natus unde aut qui. Pariatur necessitatibus veniam voluptatibus necessitatibus repellat dolor. Omnis eaque quis dolorum.', 4),
(168, 27, '2021-05-19 23:43:49', '2021-05-19 23:43:49', 'Myles Kshlerin', 'Corporis laboriosam aut consequatur tenetur tempore ut est. Nesciunt ut magnam quisquam eius. Eaque voluptatum officia asperiores.', 3),
(169, 40, '2021-05-19 23:43:49', '2021-05-19 23:43:49', 'Pansy Raynor', 'Qui dignissimos ea eos voluptatibus suscipit dolores est. Veniam labore voluptatem quidem dolores nesciunt atque. Autem vel accusamus et. Error minima et in similique. Perferendis fugiat nihil sequi similique aut adipisci excepturi.', 5),
(170, 23, '2021-05-19 23:43:49', '2021-05-19 23:43:49', 'Prof. Bryce Olson', 'Id omnis laborum facilis ad saepe eos. Nobis et qui et quo maxime illum fuga. Qui perferendis et fugit eum fuga cumque sed. Laboriosam nulla similique qui fuga aut rerum.', 0),
(171, 32, '2021-05-19 23:43:49', '2021-05-19 23:43:49', 'Duncan Homenick', 'Magni occaecati soluta quia corporis soluta possimus unde. Exercitationem totam in eos alias et sit.', 2),
(172, 2, '2021-05-19 23:43:49', '2021-05-19 23:43:49', 'Virginie Spinka', 'In molestiae assumenda veritatis. Sunt optio nemo sapiente aut cum sed numquam ut. Laudantium aliquid repellat ad eos culpa nemo explicabo.', 2),
(173, 31, '2021-05-19 23:43:49', '2021-05-19 23:43:49', 'Dr. Anya Waelchi', 'Tenetur temporibus recusandae eveniet sed quis. Corrupti autem consequatur et ea nisi. Nobis non alias aut. Tempore consequatur sapiente similique sit consequatur nisi eum sed.', 4),
(174, 1, '2021-05-19 23:43:49', '2021-05-19 23:43:49', 'Kristian Renner', 'Eaque ut corporis voluptates eum voluptas consequatur. Nihil ducimus reprehenderit ut ex facilis numquam et. Ipsa repellendus sint provident voluptate. Sequi alias voluptatem autem nisi.', 1),
(175, 47, '2021-05-19 23:43:49', '2021-05-19 23:43:49', 'Miss Estell Kuhic', 'Quis consectetur nihil eum et qui. Odit molestias non consectetur. Cupiditate laboriosam cumque omnis at. Ipsam in et in ut est et eaque.', 1),
(176, 26, '2021-05-19 23:43:49', '2021-05-19 23:43:49', 'Thad Hand', 'Voluptatem consequatur eos quam minus ipsa magni et. Dolores eum doloremque quia aut temporibus dolores quaerat. Eum ex aut nulla perferendis facilis consequatur omnis. Nemo optio odit dicta aut doloremque similique enim. Enim eos qui totam suscipit necessitatibus.', 1),
(177, 25, '2021-05-19 23:43:49', '2021-05-19 23:43:49', 'Mrs. Ana Conroy III', 'Mollitia maxime impedit illo suscipit explicabo delectus eos. Quasi error dolor iste autem mollitia consectetur. Molestiae labore commodi cupiditate quo sed voluptatem.', 4),
(178, 12, '2021-05-19 23:43:49', '2021-05-19 23:43:49', 'Destany Dare', 'Aut eveniet aliquam distinctio modi vel voluptatem. Dolorem repudiandae exercitationem esse voluptatum quos reprehenderit. Nisi voluptatum dolores sit aut voluptate voluptatibus. Id eveniet earum nesciunt consequatur repellat. Vel minima tenetur eligendi voluptatem et sed nesciunt.', 4),
(179, 33, '2021-05-19 23:43:49', '2021-05-19 23:43:49', 'Chaz Welch', 'Soluta maiores labore ipsam consequatur aut earum non. Molestiae quae porro officia qui. Aut ratione aut occaecati sint ipsam omnis vero.', 1),
(180, 22, '2021-05-19 23:43:49', '2021-05-19 23:43:49', 'Ronaldo Altenwerth II', 'Et inventore sint dolor quo natus voluptates quis. Exercitationem aut voluptas voluptatem iste cupiditate occaecati ut. Est doloribus eos aut et consequatur rerum maiores. Placeat nobis ut nesciunt.', 3),
(181, 40, '2021-05-19 23:43:49', '2021-05-19 23:43:49', 'Marlin Tromp V', 'Itaque qui fugit praesentium quod eveniet eos omnis. Nihil voluptas ut quibusdam quos rerum. Voluptatem atque ex aspernatur nihil nobis animi accusantium.', 5),
(182, 32, '2021-05-19 23:43:49', '2021-05-19 23:43:49', 'Mrs. Adela Graham V', 'Illo aut recusandae repellat laboriosam similique eos. Et eum quibusdam id eveniet ipsa amet sed. Est qui velit ipsam id rerum sed dolores. Mollitia aut eos vitae ut dolorum explicabo magni.', 2),
(183, 38, '2021-05-19 23:43:49', '2021-05-19 23:43:49', 'Roger Strosin DVM', 'Ipsum reprehenderit error tenetur et ea excepturi qui. Voluptatem provident sed perspiciatis rerum. Enim amet voluptatibus tenetur sunt quis officiis. Ut est aliquam iure ipsum.', 2),
(184, 32, '2021-05-19 23:43:49', '2021-05-19 23:43:49', 'Christophe Shanahan', 'Odit omnis ab reprehenderit ad est cum. Blanditiis qui fugiat est et nihil provident est. Voluptas qui eius eum dolorum. Praesentium doloremque perferendis sit impedit distinctio id.', 5),
(185, 12, '2021-05-19 23:43:49', '2021-05-19 23:43:49', 'Jacklyn O\'Kon', 'Voluptatem tempore sunt facilis consequuntur quae natus. Sed illum qui at illo et. Est culpa et labore consequatur aliquid. In qui ad nisi.', 5),
(186, 11, '2021-05-19 23:43:49', '2021-05-19 23:43:49', 'Rashawn Bartell', 'Ea sint atque expedita eum. Quaerat blanditiis qui nobis eaque explicabo ut voluptas ducimus. Voluptatem omnis incidunt nobis labore explicabo quisquam neque. Maxime in error laborum magnam aspernatur sunt.', 1),
(187, 16, '2021-05-19 23:43:49', '2021-05-19 23:43:49', 'Elvera Harris', 'Sed cumque totam aperiam sint dolore. Et dolorem necessitatibus repudiandae.', 5),
(188, 18, '2021-05-19 23:43:49', '2021-05-19 23:43:49', 'Ms. Violet Kuhn', 'Hic ut cum iste laboriosam dignissimos. Cumque nostrum quo corporis dolor et voluptatibus error. Quia ipsum incidunt aut at quae dignissimos. Unde inventore iste maiores quia placeat.', 5),
(190, 10, '2021-05-19 23:43:49', '2021-05-19 23:43:49', 'Jesse Roob V', 'Nostrum rem commodi commodi totam qui culpa. Quia itaque iusto autem qui. Esse dolorum rerum ut minima eos.', 5),
(191, 43, '2021-05-19 23:43:49', '2021-05-19 23:43:49', 'Carlos Ratke DVM', 'Qui blanditiis excepturi a in occaecati esse. Rerum corporis ut ipsam voluptas. Illo nihil est aut corporis ad voluptates aperiam vel.', 1),
(192, 4, '2021-05-19 23:43:50', '2021-05-19 23:43:50', 'Dana Hoppe II', 'Enim debitis incidunt incidunt totam omnis atque. Ut ut nobis natus quisquam rerum quia quia delectus.', 5),
(193, 46, '2021-05-19 23:43:50', '2021-05-19 23:43:50', 'Joany Hahn', 'Quae delectus nemo voluptatem et nisi inventore quasi et. Eos qui tempore molestias facere minima. Nobis perspiciatis fugit vitae eum aut libero et voluptatum. Iusto soluta a aliquid.', 4),
(194, 35, '2021-05-19 23:43:50', '2021-05-19 23:43:50', 'Claire Bogan PhD', 'Nam eaque ut ducimus expedita quas commodi. Quis odit ipsa ab facere rerum. Libero velit consectetur eos adipisci suscipit perferendis. Cum dolores molestiae ut harum blanditiis sequi aut.', 1),
(195, 4, '2021-05-19 23:43:50', '2021-05-19 23:43:50', 'Belle Littel', 'Atque ut aut temporibus est ut. Et labore aliquid ullam nostrum. Amet voluptas harum excepturi cumque commodi eum neque. Omnis culpa blanditiis soluta non. Ad enim cupiditate ut nesciunt sapiente et natus.', 0),
(196, 41, '2021-05-19 23:43:50', '2021-05-19 23:43:50', 'Mr. Kadin Glover', 'Reprehenderit assumenda non ea rem architecto nobis reiciendis. Ea provident quia eos quia consectetur. Odio laboriosam excepturi velit similique quas. Voluptatem dolorum corporis et corporis iusto illum error.', 4),
(197, 43, '2021-05-19 23:43:50', '2021-05-19 23:43:50', 'Don Larson', 'Ea animi unde dolorem deserunt blanditiis nemo et natus. Eos eum labore qui omnis aliquid esse. Quidem nesciunt expedita non sed facilis error accusantium.', 5),
(198, 47, '2021-05-19 23:43:50', '2021-05-19 23:43:50', 'Morton Pfeffer', 'Est debitis eveniet delectus ducimus. Sit id impedit nesciunt ut voluptatum sequi voluptatum dicta. Et et ut non nisi ut. Asperiores excepturi vitae ex deserunt id qui accusantium.', 5),
(199, 10, '2021-05-19 23:43:50', '2021-05-19 23:43:50', 'Alexandro Swaniawski Jr.', 'Quia ut sunt ut est sequi eveniet. Fugit fugit tempore quisquam. Vel quo et itaque accusamus molestiae ab.', 5),
(200, 49, '2021-05-19 23:43:50', '2021-05-19 23:43:50', 'Miss Addison Little IV', 'Aut ut dicta sapiente qui vero enim. Et autem consequatur vel. Quis sequi sit qui voluptatem eaque molestiae.', 4),
(201, 6, '2021-05-19 23:43:50', '2021-05-19 23:43:50', 'Tyrese Friesen', 'Beatae dolor a assumenda consequatur corrupti sed. Ullam fuga officiis quidem aliquid maiores quasi. Velit et ea sed rerum. Sed dolorem quos vero sit eveniet.', 4),
(202, 17, '2021-05-19 23:43:50', '2021-05-19 23:43:50', 'Autumn Schultz', 'Adipisci illo et libero ab corrupti eum. Necessitatibus adipisci fugiat tempora.', 1),
(203, 1, '2021-05-19 23:43:50', '2021-05-19 23:43:50', 'Ms. Bernice Larson', 'Sit alias ex sint. Repellendus quibusdam nihil temporibus quis. Eius vitae fugiat aspernatur.', 4),
(204, 39, '2021-05-19 23:43:50', '2021-05-19 23:43:50', 'Prof. Hazle Fahey', 'Autem quasi et est officiis sint. Pariatur non est aspernatur nulla minima fugit. Asperiores distinctio et amet repudiandae architecto. Quidem amet fuga modi repellat nisi. Sed ullam et distinctio illum cum.', 3),
(206, 15, '2021-05-19 23:43:50', '2021-05-19 23:43:50', 'Jeramie Cummerata', 'Totam impedit quis voluptatem velit rerum necessitatibus vitae. Laboriosam officiis est error odio. Autem accusantium reprehenderit esse excepturi nemo. Quia nobis voluptatem et impedit.', 2),
(207, 13, '2021-05-19 23:43:50', '2021-05-19 23:43:50', 'Joelle Jones', 'Repudiandae voluptatem eveniet et quos accusantium odio. Amet exercitationem neque ut corrupti. Quis numquam laudantium optio provident magnam iure ipsa. Accusamus deleniti ut quod.', 0),
(208, 48, '2021-05-19 23:43:50', '2021-05-19 23:43:50', 'Mr. Noel Flatley DDS', 'Et temporibus consequuntur consequatur dolorem asperiores perferendis. Vitae quia omnis provident eveniet et voluptatem. Ullam quod aut dolor voluptates et magnam placeat sit.', 3),
(209, 10, '2021-05-19 23:43:50', '2021-05-19 23:43:50', 'Lelah Mann', 'Voluptas earum repudiandae enim quae perspiciatis iure sint animi. Voluptatem iusto alias ut eius et laudantium eos. Voluptatem quia velit nihil impedit numquam deleniti qui.', 3),
(210, 17, '2021-05-19 23:43:50', '2021-05-19 23:43:50', 'Lonnie Okuneva', 'Modi sapiente rem ab eos reiciendis corrupti aut atque. Non fugiat expedita saepe in qui. Qui in incidunt voluptates qui soluta ratione.', 0),
(211, 13, '2021-05-19 23:43:50', '2021-05-19 23:43:50', 'Jody Simonis', 'Laudantium fuga est cumque est porro aspernatur excepturi. Distinctio aliquam tempore perspiciatis repellat quo repellat dolorum. Dolor autem qui et rerum. Facere ab delectus id tenetur dolore consequatur enim.', 3),
(212, 48, '2021-05-19 23:43:51', '2021-05-19 23:43:51', 'Elnora Lesch', 'Laudantium et ex eaque distinctio. Et et unde adipisci. Et voluptas recusandae maiores amet ipsa odit optio. Facilis ex sit quae dolores voluptatem labore corporis.', 0),
(213, 20, '2021-05-19 23:43:51', '2021-05-19 23:43:51', 'Rickie Sporer', 'Numquam quia facilis nulla ab eum. Corporis voluptas animi optio sit quod voluptatem omnis asperiores. Ad velit omnis debitis iste dolor.', 3),
(214, 39, '2021-05-19 23:43:51', '2021-05-19 23:43:51', 'Ethel Lehner', 'Architecto velit omnis magni minima qui voluptatem. Quod aut enim eum dolorem qui molestiae inventore. Est est alias velit consequuntur et magnam.', 4),
(215, 10, '2021-05-19 23:43:51', '2021-05-19 23:43:51', 'Abdullah Schultz', 'Et incidunt excepturi repellat et. Fugit quasi sed quo in asperiores eos. Esse eum et reiciendis totam itaque.', 0),
(216, 30, '2021-05-19 23:43:51', '2021-05-19 23:43:51', 'Alfreda Hirthe', 'Dolores necessitatibus qui eaque molestias molestias ea. Aliquam sit at corrupti numquam. Nulla qui dolor est qui ipsam qui. Sit modi qui aut.', 4),
(217, 18, '2021-05-19 23:43:51', '2021-05-19 23:43:51', 'Madge Rutherford DDS', 'Autem sint magni maiores hic laborum dignissimos consequatur. Aliquam blanditiis quae sed qui qui. Eaque officiis dolor ratione quia. Molestiae sit molestias quaerat inventore. Rem rerum facilis placeat voluptate repellendus.', 2),
(218, 14, '2021-05-19 23:43:51', '2021-05-19 23:43:51', 'Dell Metz', 'Distinctio autem voluptas illum qui enim. Sit harum consequatur atque sequi et eveniet voluptatibus. Veritatis illo dignissimos necessitatibus ut eos incidunt quos. Praesentium sed quo accusantium esse.', 3),
(219, 26, '2021-05-19 23:43:51', '2021-05-19 23:43:51', 'Charlotte Wolf', 'Corrupti aut ut cupiditate non quod. Quasi dolores qui labore ut corrupti excepturi dolorum. Qui dolores sequi commodi. In voluptas neque vero sequi accusamus dolorem vel. Rerum porro totam et et soluta quam.', 4);
INSERT INTO `reviews` (`id`, `product_id`, `created_at`, `updated_at`, `customer`, `review`, `star`) VALUES
(220, 21, '2021-05-19 23:43:51', '2021-05-19 23:43:51', 'Dr. Travis Gibson V', 'Maxime voluptatibus repellat sunt et vitae et voluptatem. Libero minus dignissimos et nam molestias qui. Blanditiis aspernatur hic quae non corporis aliquid quod.', 0),
(221, 36, '2021-05-19 23:43:51', '2021-05-19 23:43:51', 'Hyman Larson', 'Dolores labore consectetur animi est sit excepturi. Quod quibusdam illum necessitatibus. Fugit qui vero non cumque sit et eum.', 4),
(222, 19, '2021-05-19 23:43:51', '2021-05-19 23:43:51', 'Providenci Kunde', 'Ea tenetur architecto possimus iste similique. Non officia similique et possimus quo sint. Consequatur blanditiis pariatur adipisci quasi.', 0),
(223, 18, '2021-05-19 23:43:51', '2021-05-19 23:43:51', 'Johnnie Berge', 'Eveniet dicta vitae quod autem laborum nemo. Quisquam magni in qui reiciendis. Quis et suscipit aut illo eos eius voluptatem.', 5),
(224, 39, '2021-05-19 23:43:51', '2021-05-19 23:43:51', 'Dr. Jermey Pfannerstill IV', 'Ut est qui et libero. Atque fugit consectetur illo quia qui sapiente neque. Vitae et id velit impedit. Cumque nobis sit et.', 1),
(225, 22, '2021-05-19 23:43:51', '2021-05-19 23:43:51', 'Dr. Darron Hagenes IV', 'Nam minus nesciunt odio exercitationem laudantium eligendi voluptatibus. Sunt est consequuntur minus veniam nesciunt dignissimos enim. Esse aut sed sequi tempora nihil non. Molestias ut in minus est saepe. Eum fuga dolores aspernatur magni quo.', 5),
(226, 10, '2021-05-19 23:43:51', '2021-05-19 23:43:51', 'Sherwood Bartell', 'Aut aut quos consectetur velit dolores rerum sunt. Ipsum in accusamus similique sequi aperiam. Aspernatur doloribus ea sit delectus assumenda.', 3),
(227, 10, '2021-05-19 23:43:51', '2021-05-19 23:43:51', 'Prof. Keaton O\'Conner', 'Et vitae tempore non ut fuga. Est nesciunt tempore et et autem. Et laudantium reprehenderit adipisci sapiente molestiae in eveniet quod.', 1),
(228, 12, '2021-05-19 23:43:52', '2021-05-19 23:43:52', 'Jarred Leffler', 'Minima sed repellat esse laborum ad delectus eveniet. Qui occaecati nemo minus sed dolore rem. Architecto et atque ut quas blanditiis. Id rem nemo consequatur voluptas deserunt omnis. In adipisci aut aperiam quia consequatur.', 5),
(229, 20, '2021-05-19 23:43:52', '2021-05-19 23:43:52', 'Marques Hilpert', 'Ex voluptatem voluptas aspernatur sed. Dolorum recusandae commodi enim dolor consequatur commodi mollitia. Laboriosam qui harum et perspiciatis deserunt.', 1),
(230, 29, '2021-05-19 23:43:52', '2021-05-19 23:43:52', 'Laurianne Rohan', 'Qui sed dicta voluptate consequatur. Ea rem ipsum blanditiis voluptatem quam perferendis eius. At dolorem enim quod quisquam corrupti et.', 1),
(231, 42, '2021-05-19 23:43:52', '2021-05-19 23:43:52', 'Citlalli Weissnat', 'Voluptatem cum quasi hic et. Sunt unde et nobis autem ut et. Dolorem sequi blanditiis eum quia nam aut alias dolor. Sed at aut ullam ipsa.', 5),
(232, 48, '2021-05-19 23:43:52', '2021-05-19 23:43:52', 'Angel Braun', 'Nostrum et aut iste ut sed a. Vero autem dignissimos distinctio cum consequatur pariatur sit animi. Aut eos delectus quia eaque quas ad ipsa. Repellat dolorem hic laudantium dolorem consequatur officiis. Quasi quidem et sed ea.', 1),
(233, 38, '2021-05-19 23:43:52', '2021-05-19 23:43:52', 'Natasha Bogan', 'Eos blanditiis quo incidunt id. Quis ea voluptatem a itaque aspernatur dolore saepe.', 3),
(234, 3, '2021-05-19 23:43:52', '2021-05-19 23:43:52', 'Rico Batz', 'Excepturi recusandae quo sunt quaerat dolorem. Excepturi aliquid esse voluptate officia aut. Alias rerum fuga eos voluptate qui debitis. Voluptatibus id ipsum eum quia.', 5),
(235, 22, '2021-05-19 23:43:52', '2021-05-19 23:43:52', 'Miss Araceli Kiehn', 'Aperiam quos ad facilis voluptas. Recusandae earum distinctio mollitia illum omnis nobis quia. Ea deserunt earum architecto soluta. Eveniet quia dolorem quasi nihil.', 2),
(236, 21, '2021-05-19 23:43:52', '2021-05-19 23:43:52', 'Natasha Marvin', 'Consequatur voluptatum animi iure provident. Sint est molestiae molestias quia. Laborum repudiandae nesciunt ipsam nemo excepturi maxime nobis. Vitae odio veniam minus id aut debitis ad.', 3),
(237, 28, '2021-05-19 23:43:52', '2021-05-19 23:43:52', 'Prof. Roel Mayer V', 'Eum voluptatem id sed ea inventore accusantium. Aut adipisci ut rerum id minima voluptatem dolores non. Dicta facere excepturi consequatur atque eligendi commodi.', 5),
(238, 4, '2021-05-19 23:43:52', '2021-05-19 23:43:52', 'Otis Mayer', 'Est aut labore facilis. Laborum ut ab quasi voluptas. Aspernatur ab sit nihil sapiente. Iusto vel ex quisquam quod quia quia.', 5),
(240, 29, '2021-05-19 23:43:52', '2021-05-19 23:43:52', 'Berenice Hettinger', 'Nihil ad voluptas laborum sequi laudantium cumque. Sit harum eveniet impedit vero velit inventore est. Animi placeat vel dolorem facere voluptates beatae. Modi vel libero dolorem totam.', 2),
(241, 43, '2021-05-19 23:43:52', '2021-05-19 23:43:52', 'Dr. Lindsey Heller', 'Est in sed mollitia temporibus illum in. Molestiae et maiores ipsam nam rem dolores. Sequi consequatur et aliquid molestias et exercitationem. Et explicabo officiis aspernatur temporibus possimus quo.', 5),
(242, 16, '2021-05-19 23:43:52', '2021-05-19 23:43:52', 'Cali Robel DDS', 'Laboriosam quod rem consectetur officia ducimus blanditiis. Consequatur asperiores omnis consequatur ut perferendis perspiciatis. Eos aut necessitatibus ab.', 4),
(243, 35, '2021-05-19 23:43:52', '2021-05-19 23:43:52', 'Maeve Maggio', 'Accusantium et aut et vel laboriosam officiis explicabo. Rem minus tenetur sunt. Ut sint facere ut est rerum quis quo. Odio quo accusantium eos voluptatem eveniet adipisci.', 4),
(244, 40, '2021-05-19 23:43:52', '2021-05-19 23:43:52', 'Mr. Sven Renner', 'Et libero ut voluptas fugit quia commodi. Et deleniti dignissimos dolores laboriosam. Repudiandae quia optio veritatis earum.', 3),
(245, 2, '2021-05-19 23:43:52', '2021-05-19 23:43:52', 'Ms. Tia Green IV', 'Enim quia ea amet ea ipsum placeat. Et iste quasi dolorum sit blanditiis. Laborum veritatis voluptate qui qui tempore unde provident nihil.', 1),
(246, 8, '2021-05-19 23:43:52', '2021-05-19 23:43:52', 'Mabel Schimmel', 'Eaque dolor assumenda modi sunt qui dolores atque quae. Laboriosam cum enim tempora ut eum eius. Qui tempora dolore cum. Adipisci suscipit optio totam aut asperiores omnis accusantium qui.', 3),
(247, 30, '2021-05-19 23:43:52', '2021-05-19 23:43:52', 'Caleb Moen', 'Et eum cumque nemo quidem. Pariatur deleniti eum quod recusandae. Perspiciatis eligendi consequatur quo facilis. Sequi et similique facere vero similique iure.', 1),
(248, 26, '2021-05-19 23:43:52', '2021-05-19 23:43:52', 'Flavie Rippin', 'Nihil vero voluptatem nobis maxime tenetur sit. Et aut ullam voluptate possimus qui autem voluptatum optio. Perferendis id nesciunt at quis vero sed. Beatae optio et quia qui ipsam.', 5),
(249, 27, '2021-05-19 23:43:52', '2021-05-19 23:43:52', 'Ewell Lynch', 'Fuga omnis amet aut illo ipsam eum corporis. Veritatis quidem tempora illum sequi numquam accusamus. Natus beatae qui doloribus repudiandae. Iure quis possimus nemo doloremque voluptas ea qui.', 0),
(250, 28, '2021-05-19 23:43:52', '2021-05-19 23:43:52', 'Lavonne Bruen DDS', 'Atque sed dolorem labore dolor assumenda. Quae ab soluta temporibus commodi officiis. Voluptatum vitae quo consequuntur aspernatur minus placeat.', 2),
(251, 33, '2021-05-19 23:43:53', '2021-05-19 23:43:53', 'Madge Oberbrunner', 'Delectus delectus ea rem voluptatem. Quaerat odit quasi consectetur consequatur et dolores. Laborum laboriosam vel alias id et corrupti repellat. Dolor omnis perferendis mollitia culpa.', 5),
(252, 3, '2021-05-19 23:43:53', '2021-05-19 23:43:53', 'Ulises O\'Hara', 'Hic mollitia sunt ut laudantium deserunt quia. Expedita facilis eveniet non et. Itaque sit inventore nesciunt ut esse accusantium. Reprehenderit dolor velit nemo nulla. Sunt velit impedit debitis ut.', 0),
(253, 40, '2021-05-19 23:43:53', '2021-05-19 23:43:53', 'Johnathan Goyette', 'Voluptas aut ad dolore nisi voluptatibus blanditiis. Nulla ut reiciendis blanditiis sunt dolorem molestiae enim sed. Fugit officia pariatur dolorem corporis nam iure similique id. Optio eius et quo repellat culpa.', 2),
(254, 4, '2021-05-19 23:43:53', '2021-05-19 23:43:53', 'Yoshiko Ritchie', 'Et possimus optio aut et. Itaque aut maiores quos et. A et minima veritatis optio nisi repudiandae cum ad. Blanditiis et illo enim soluta aut culpa voluptatum.', 4),
(255, 19, '2021-05-19 23:43:53', '2021-05-19 23:43:53', 'Johan Bednar', 'Quibusdam nisi esse quis nisi. Provident minus qui iure et sit saepe odit quia. Deleniti aut quisquam laboriosam fugit dolorem cum molestiae. Tempora illo culpa accusamus veritatis aut est rerum.', 4),
(257, 3, '2021-05-19 23:43:53', '2021-05-19 23:43:53', 'Dr. Isaias Gleichner Jr.', 'Ducimus a possimus beatae tempore et. Blanditiis nihil repellat ea assumenda quibusdam voluptate beatae. Sit facere quia voluptas minima dicta nobis.', 4),
(258, 43, '2021-05-19 23:43:53', '2021-05-19 23:43:53', 'Mafalda Walter II', 'Voluptate dolorem vel nihil tenetur. Dolore amet accusamus voluptatem doloremque eveniet. Ut veniam earum quas qui qui qui.', 4),
(259, 11, '2021-05-19 23:43:53', '2021-05-19 23:43:53', 'Ervin Halvorson', 'Atque optio doloribus quia qui aperiam commodi. Et ipsa cumque deserunt qui repellat non facilis. Sed repudiandae assumenda et quos.', 0),
(260, 31, '2021-05-19 23:43:53', '2021-05-19 23:43:53', 'Josefa McClure', 'Maiores itaque distinctio eos cumque eos ex officiis veniam. Tempora earum in repellendus molestias. At doloribus et aspernatur provident at.', 5),
(261, 26, '2021-05-19 23:43:53', '2021-05-19 23:43:53', 'Chance Denesik', 'Consequatur sit ea deleniti quis. Et sit consectetur est vitae vitae amet. Temporibus quisquam optio veniam repellat. Ut id vel voluptatem voluptatum dolor.', 3),
(262, 43, '2021-05-19 23:43:53', '2021-05-19 23:43:53', 'Mr. Walker Gislason', 'Dolorem est nihil repudiandae impedit ratione facilis. Sunt amet sit facere. Sit quibusdam non nisi quo. Modi quasi et occaecati quia cupiditate illo.', 2),
(263, 47, '2021-05-19 23:43:53', '2021-05-19 23:43:53', 'Corene Wilkinson', 'Dolores autem omnis nemo ipsum. Cupiditate rerum illum perspiciatis voluptas nobis. Dignissimos et quam est est ipsa.', 1),
(264, 3, '2021-05-19 23:43:53', '2021-05-19 23:43:53', 'Lenny Franecki', 'Eius est dignissimos impedit quidem sequi porro cupiditate quos. Perferendis ipsam ipsum doloribus ea sed. Ut voluptatem velit quaerat culpa perferendis nemo.', 2),
(265, 17, '2021-05-19 23:43:53', '2021-05-19 23:43:53', 'Miss Anika Bruen', 'Repellat aut et tempore aspernatur illo omnis nostrum. Est ut odit dolor et suscipit consequatur. Ullam ipsa voluptatem quaerat. Ut porro maiores corrupti.', 2),
(266, 15, '2021-05-19 23:43:53', '2021-05-19 23:43:53', 'Antonetta Hahn', 'Eius natus et quo voluptate quo quisquam asperiores. Dignissimos nulla sunt quo vel adipisci quam. Consequuntur fugiat aut reprehenderit quo.', 4),
(267, 5, '2021-05-19 23:43:53', '2021-05-19 23:43:53', 'Lauren Gottlieb', 'Placeat dolor pariatur minima voluptatem dolores ullam. Consequatur sint consequatur rem laborum perferendis magnam unde qui.', 1),
(268, 5, '2021-05-19 23:43:53', '2021-05-19 23:43:53', 'Dallin Wiegand', 'Quae aperiam at corrupti est voluptatibus ea hic. Non aut nesciunt at dolor minima aut harum. Quidem asperiores ab voluptatum nostrum est.', 1),
(269, 28, '2021-05-19 23:43:53', '2021-05-19 23:43:53', 'Miss Kathryne Mueller II', 'Qui deleniti suscipit delectus. Odio enim ad est ipsum corporis quisquam modi. Exercitationem qui odio iste. Perspiciatis et debitis quas reprehenderit voluptatem vel voluptates.', 1),
(270, 18, '2021-05-19 23:43:53', '2021-05-19 23:43:53', 'Cassandre Wehner', 'Architecto assumenda tenetur adipisci ipsam incidunt facere perspiciatis provident. Sint similique aliquam voluptate deleniti provident. Est quibusdam et dolor ut maxime ratione eos. Qui rerum iste perspiciatis.', 3),
(271, 11, '2021-05-19 23:43:53', '2021-05-19 23:43:53', 'Era Kreiger', 'Quo possimus pariatur quasi amet omnis vel voluptas. Tempora et est quia reiciendis dolor tempore corporis quae. Fugiat numquam reiciendis fugiat sit perspiciatis at veniam. Repudiandae ea eos non minima recusandae.', 2),
(272, 30, '2021-05-19 23:43:53', '2021-05-19 23:43:53', 'Dr. Giovani Johnson', 'Magnam cupiditate et ea nihil. Omnis et omnis asperiores rerum harum animi accusantium. Omnis voluptates aperiam qui rerum soluta.', 5),
(273, 42, '2021-05-19 23:43:53', '2021-05-19 23:43:53', 'Dr. Jada Grant', 'Minus corporis ut quis et minima eum. Minima qui enim quia id eos voluptatem enim. Impedit earum incidunt voluptatem ex repellat voluptate voluptates. Occaecati ratione explicabo nesciunt facere minima. Similique et quam doloremque cumque suscipit corporis veritatis voluptatibus.', 5),
(274, 28, '2021-05-19 23:43:53', '2021-05-19 23:43:53', 'Maci Boehm', 'Similique est dolorem facilis. Aut quia veritatis voluptatem. Voluptatem magnam autem distinctio ad aut in quia.', 2),
(275, 35, '2021-05-19 23:43:53', '2021-05-19 23:43:53', 'Efren Lemke', 'Ratione delectus quibusdam non quos quas reprehenderit. Dignissimos animi et qui voluptatem sed. Et minus adipisci eveniet.', 2),
(276, 10, '2021-05-19 23:43:54', '2021-05-19 23:43:54', 'Edna Gleason II', 'Et nihil reprehenderit enim nam. Sit laborum molestiae provident voluptatum. Nihil dolorem temporibus est magni ut aliquid dolorem ab. Nisi consectetur hic id tempora. Expedita deleniti vitae cupiditate.', 4),
(277, 2, '2021-05-19 23:43:54', '2021-05-19 23:43:54', 'Maymie Stracke', 'Est enim qui iste nobis voluptatum quia praesentium voluptas. Consequuntur quo iure quasi corrupti. Accusamus distinctio occaecati quibusdam voluptatem rerum magnam libero. Voluptas voluptatum libero quia dolorem.', 4),
(278, 26, '2021-05-19 23:43:54', '2021-05-19 23:43:54', 'Tressa Marvin', 'Eveniet corporis enim aut est. Ipsam corrupti quisquam vero assumenda eligendi sit corrupti voluptatem. Ratione sit debitis at.', 4),
(279, 15, '2021-05-19 23:43:54', '2021-05-19 23:43:54', 'Damion Walter', 'Aperiam nostrum voluptas eos earum voluptates. Iusto qui quam enim quia amet aspernatur voluptate. Omnis voluptas ut aut natus nihil in ut. Unde dolores architecto laboriosam delectus dolorem doloribus. Quasi reprehenderit aut modi.', 2),
(280, 26, '2021-05-19 23:43:54', '2021-05-19 23:43:54', 'Cade Collins', 'Facere earum aut suscipit voluptatem ipsum excepturi. Deserunt quis laboriosam nobis voluptate. Molestiae dolorem dolore inventore dolor ut.', 4),
(281, 47, '2021-05-19 23:43:54', '2021-05-19 23:43:54', 'Prof. Zackary Herman', 'Id quaerat et magni corrupti provident repellendus repellat. Qui optio labore quisquam ut cum possimus. Non id ab est aut nobis libero minima. Sed eum placeat sapiente id consequuntur assumenda est.', 5),
(282, 32, '2021-05-19 23:43:54', '2021-05-19 23:43:54', 'Wilfrid Mueller', 'Dolor autem culpa et occaecati sed quisquam. Porro fuga culpa rem unde rerum. Quia maxime est est.', 2),
(283, 49, '2021-05-19 23:43:54', '2021-05-19 23:43:54', 'Prof. Lenore Robel IV', 'Labore beatae quod et quas qui. Non quod labore consequatur eos veniam necessitatibus doloribus qui.', 5),
(284, 25, '2021-05-19 23:43:54', '2021-05-19 23:43:54', 'Wilfred Hill', 'Dignissimos id beatae et atque eum omnis. Ipsa nesciunt ut sequi sequi ducimus voluptates. Delectus voluptatem aut veniam libero reiciendis nesciunt iste. Voluptas porro alias eaque totam.', 4),
(285, 20, '2021-05-19 23:43:54', '2021-05-19 23:43:54', 'Carmelo Von', 'Deleniti quia tempore nostrum fugit odio quam et. Error debitis officiis minima natus repudiandae in rerum. Reiciendis alias a pariatur facere debitis necessitatibus magni.', 5),
(286, 11, '2021-05-19 23:43:54', '2021-05-19 23:43:54', 'Leonard McLaughlin', 'Perferendis non aliquam a corporis voluptatibus corporis tenetur accusantium. Laborum qui sed voluptas qui et quia eligendi. Voluptate eum voluptatem non velit nesciunt.', 4),
(287, 39, '2021-05-19 23:43:54', '2021-05-19 23:43:54', 'Henriette Hill V', 'Animi deleniti eos id laboriosam ratione enim. Rem aut tenetur voluptas reiciendis aut. Consequatur esse atque accusantium quibusdam rerum quia. Rerum et aspernatur quisquam laboriosam voluptas.', 1),
(288, 39, '2021-05-19 23:43:54', '2021-05-19 23:43:54', 'Jules Hickle', 'Rerum ut aspernatur perspiciatis adipisci libero aliquam adipisci. Rerum esse eum enim alias ut cum. Cum dolores qui aperiam odio nostrum aut.', 0),
(289, 18, '2021-05-19 23:43:54', '2021-05-19 23:43:54', 'Jonatan Lindgren', 'Pariatur fugit laboriosam sed. Sit voluptatem ipsam nam voluptatibus saepe quisquam corporis ut. Ullam eveniet ab consequatur placeat quam est consequatur. Accusantium aut id suscipit ab.', 2),
(290, 18, '2021-05-19 23:43:54', '2021-05-19 23:43:54', 'Gertrude Beer', 'Voluptas illo repellat voluptatibus. Sunt illum at ducimus fugiat ea quisquam deserunt. Officiis ea esse quia qui. Minima non ipsum cumque doloremque.', 2),
(291, 20, '2021-05-19 23:43:54', '2021-05-19 23:43:54', 'Prof. Olen Aufderhar Jr.', 'Excepturi eum nisi molestias rerum. Vel fuga consequatur minima et. Tempore vel nulla non aperiam. Tempora occaecati ut voluptas officia pariatur laborum.', 5),
(292, 19, '2021-05-19 23:43:54', '2021-05-19 23:43:54', 'Ms. Kaela Mertz DVM', 'Assumenda ullam quia dolores eligendi earum. Aliquam eum voluptatum atque in qui odio. Et quaerat velit molestias possimus quia. Consequatur saepe qui natus asperiores ut.', 2),
(293, 31, '2021-05-19 23:43:54', '2021-05-19 23:43:54', 'Kirstin Brekke', 'Eum incidunt et quaerat similique quibusdam numquam id. Vel pariatur cumque eum. Nobis voluptas harum qui quam voluptas velit tempore.', 0),
(294, 41, '2021-05-19 23:43:54', '2021-05-19 23:43:54', 'Breana Bins', 'Incidunt ut voluptatem similique totam. Quo molestiae ut delectus maiores quo velit accusantium. Excepturi numquam et culpa nihil. Voluptas voluptatem dolorem nesciunt omnis earum.', 1),
(295, 27, '2021-05-19 23:43:54', '2021-05-19 23:43:54', 'Mr. Logan Abshire', 'In adipisci cum quam. Reprehenderit quia dicta corporis necessitatibus quidem voluptas. Aperiam quibusdam veritatis rerum autem odio ut accusamus. Ullam corporis sint dolorem tempora. Eos consequatur explicabo vitae vel.', 0),
(296, 20, '2021-05-19 23:43:54', '2021-05-19 23:43:54', 'Bridie Koss', 'Aliquam iusto alias dolorem et est explicabo. Natus quia sint vel culpa quaerat est. Corrupti harum facilis praesentium deserunt veritatis illo et consequatur.', 3),
(297, 16, '2021-05-19 23:43:55', '2021-05-19 23:43:55', 'Allie Heaney I', 'Velit doloribus fuga officia commodi dolorem aspernatur magnam. Saepe neque qui distinctio quas voluptatem. Perferendis tempora earum ut maxime rerum non repellendus laborum. Non ea nesciunt dolorem tempore.', 5),
(298, 26, '2021-05-19 23:43:55', '2021-05-19 23:43:55', 'Magdalena Davis I', 'Quaerat nesciunt et tenetur. Sit hic laborum vitae voluptatem et ex. Dolores debitis suscipit ullam nihil.', 5),
(299, 11, '2021-05-19 23:43:55', '2021-05-19 23:43:55', 'Dr. Ron Schumm', 'Et ad occaecati non nihil delectus aspernatur excepturi. Hic quis perspiciatis qui asperiores enim voluptatum. Consectetur voluptas sint sapiente dolores nihil est itaque. Ut occaecati deleniti aut qui.', 3),
(300, 5, '2021-05-19 23:43:55', '2021-05-19 23:43:55', 'Reilly Dickinson', 'Sunt vitae quo sint ut ea illo. Odio neque earum maxime sint voluptatem consequatur laboriosam.', 4),
(302, 52, '2021-05-20 11:50:35', '2021-05-20 11:50:35', 'King', 'nice', 4);

-- --------------------------------------------------------

--
-- Table structure for table `users`
--

CREATE TABLE `users` (
  `id` bigint(20) UNSIGNED NOT NULL,
  `name` varchar(255) COLLATE utf8mb4_unicode_ci NOT NULL,
  `email` varchar(255) COLLATE utf8mb4_unicode_ci NOT NULL,
  `email_verified_at` timestamp NULL DEFAULT NULL,
  `password` varchar(255) COLLATE utf8mb4_unicode_ci NOT NULL,
  `remember_token` varchar(100) COLLATE utf8mb4_unicode_ci DEFAULT NULL,
  `created_at` timestamp NULL DEFAULT NULL,
  `updated_at` timestamp NULL DEFAULT NULL
) ENGINE=InnoDB DEFAULT CHARSET=utf8mb4 COLLATE=utf8mb4_unicode_ci;

--
-- Dumping data for table `users`
--

INSERT INTO `users` (`id`, `name`, `email`, `email_verified_at`, `password`, `remember_token`, `created_at`, `updated_at`) VALUES
(1, 'Dr. Domingo Fahey', 'abbie15@example.org', '2021-05-19 23:43:38', '$2y$10$92IXUNpkjO0rOQ5byMi.Ye4oKoEa3Ro9llC/.og/at2.uheWG/igi', 'Ln8Z6myfmN', '2021-05-19 23:43:38', '2021-05-19 23:43:38'),
(2, 'Mr. Urban Langworth DDS', 'flo86@example.net', '2021-05-19 23:43:38', '$2y$10$92IXUNpkjO0rOQ5byMi.Ye4oKoEa3Ro9llC/.og/at2.uheWG/igi', 'EPR7WxhSkQ', '2021-05-19 23:43:38', '2021-05-19 23:43:38'),
(3, 'Ricardo Wunsch II', 'erica04@example.com', '2021-05-19 23:43:38', '$2y$10$92IXUNpkjO0rOQ5byMi.Ye4oKoEa3Ro9llC/.og/at2.uheWG/igi', 'utYJ7Ee5Wo', '2021-05-19 23:43:38', '2021-05-19 23:43:38'),
(4, 'Prof. Camren Spencer Sr.', 'yschuppe@example.com', '2021-05-19 23:43:38', '$2y$10$92IXUNpkjO0rOQ5byMi.Ye4oKoEa3Ro9llC/.og/at2.uheWG/igi', 'rYgpcl3L2d', '2021-05-19 23:43:38', '2021-05-19 23:43:38'),
(5, 'Davion Olson', 'boehm.libbie@example.org', '2021-05-19 23:43:38', '$2y$10$92IXUNpkjO0rOQ5byMi.Ye4oKoEa3Ro9llC/.og/at2.uheWG/igi', 'QlNC60yKn6', '2021-05-19 23:43:38', '2021-05-19 23:43:38'),
(6, 'Mr. Nils Dicki MD', 'vwalter@example.com', '2021-05-19 23:43:38', '$2y$10$92IXUNpkjO0rOQ5byMi.Ye4oKoEa3Ro9llC/.og/at2.uheWG/igi', 'V10Fs2HrpK', '2021-05-19 23:43:38', '2021-05-19 23:43:38'),
(7, 'Crystal Block', 'cormier.dawn@example.org', '2021-05-19 23:43:38', '$2y$10$92IXUNpkjO0rOQ5byMi.Ye4oKoEa3Ro9llC/.og/at2.uheWG/igi', 'rqVRdDd9dP', '2021-05-19 23:43:38', '2021-05-19 23:43:38'),
(8, 'Ali Cassin', 'collier.karina@example.org', '2021-05-19 23:43:38', '$2y$10$92IXUNpkjO0rOQ5byMi.Ye4oKoEa3Ro9llC/.og/at2.uheWG/igi', 'zha4LfFbbc', '2021-05-19 23:43:38', '2021-05-19 23:43:38'),
(10, 'Trisha Rolfson', 'bell06@example.org', '2021-05-19 23:43:38', '$2y$10$92IXUNpkjO0rOQ5byMi.Ye4oKoEa3Ro9llC/.og/at2.uheWG/igi', '1Eh6JbNrK0', '2021-05-19 23:43:38', '2021-05-19 23:43:38'),
(11, 'new', 'new@new.com', NULL, '$2y$10$rZOX2tEgL1lRmkoQd0Qw4.7CRLFxSgYL8pVNonikhm9YZQdkIOhmy', NULL, '2021-05-20 00:02:33', '2021-05-20 00:02:33');

--
-- Indexes for dumped tables
--

--
-- Indexes for table `failed_jobs`
--
ALTER TABLE `failed_jobs`
  ADD PRIMARY KEY (`id`),
  ADD UNIQUE KEY `failed_jobs_uuid_unique` (`uuid`);

--
-- Indexes for table `migrations`
--
ALTER TABLE `migrations`
  ADD PRIMARY KEY (`id`);

--
-- Indexes for table `oauth_access_tokens`
--
ALTER TABLE `oauth_access_tokens`
  ADD PRIMARY KEY (`id`),
  ADD KEY `oauth_access_tokens_user_id_index` (`user_id`);

--
-- Indexes for table `oauth_auth_codes`
--
ALTER TABLE `oauth_auth_codes`
  ADD PRIMARY KEY (`id`),
  ADD KEY `oauth_auth_codes_user_id_index` (`user_id`);

--
-- Indexes for table `oauth_clients`
--
ALTER TABLE `oauth_clients`
  ADD PRIMARY KEY (`id`),
  ADD KEY `oauth_clients_user_id_index` (`user_id`);

--
-- Indexes for table `oauth_personal_access_clients`
--
ALTER TABLE `oauth_personal_access_clients`
  ADD PRIMARY KEY (`id`);

--
-- Indexes for table `oauth_refresh_tokens`
--
ALTER TABLE `oauth_refresh_tokens`
  ADD PRIMARY KEY (`id`),
  ADD KEY `oauth_refresh_tokens_access_token_id_index` (`access_token_id`);

--
-- Indexes for table `password_resets`
--
ALTER TABLE `password_resets`
  ADD KEY `password_resets_email_index` (`email`);

--
-- Indexes for table `products`
--
ALTER TABLE `products`
  ADD PRIMARY KEY (`id`),
  ADD KEY `products_user_id_index` (`user_id`);

--
-- Indexes for table `reviews`
--
ALTER TABLE `reviews`
  ADD PRIMARY KEY (`id`),
  ADD KEY `reviews_product_id_index` (`product_id`);

--
-- Indexes for table `users`
--
ALTER TABLE `users`
  ADD PRIMARY KEY (`id`),
  ADD UNIQUE KEY `users_email_unique` (`email`);

--
-- AUTO_INCREMENT for dumped tables
--

--
-- AUTO_INCREMENT for table `failed_jobs`
--
ALTER TABLE `failed_jobs`
  MODIFY `id` bigint(20) UNSIGNED NOT NULL AUTO_INCREMENT;

--
-- AUTO_INCREMENT for table `migrations`
--
ALTER TABLE `migrations`
  MODIFY `id` int(10) UNSIGNED NOT NULL AUTO_INCREMENT, AUTO_INCREMENT=41;

--
-- AUTO_INCREMENT for table `oauth_clients`
--
ALTER TABLE `oauth_clients`
  MODIFY `id` bigint(20) UNSIGNED NOT NULL AUTO_INCREMENT, AUTO_INCREMENT=3;

--
-- AUTO_INCREMENT for table `oauth_personal_access_clients`
--
ALTER TABLE `oauth_personal_access_clients`
  MODIFY `id` bigint(20) UNSIGNED NOT NULL AUTO_INCREMENT, AUTO_INCREMENT=2;

--
-- AUTO_INCREMENT for table `products`
--
ALTER TABLE `products`
  MODIFY `id` bigint(20) UNSIGNED NOT NULL AUTO_INCREMENT, AUTO_INCREMENT=55;

--
-- AUTO_INCREMENT for table `reviews`
--
ALTER TABLE `reviews`
  MODIFY `id` bigint(20) UNSIGNED NOT NULL AUTO_INCREMENT, AUTO_INCREMENT=303;

--
-- AUTO_INCREMENT for table `users`
--
ALTER TABLE `users`
  MODIFY `id` bigint(20) UNSIGNED NOT NULL AUTO_INCREMENT, AUTO_INCREMENT=12;

--
-- Constraints for dumped tables
--

--
-- Constraints for table `reviews`
--
ALTER TABLE `reviews`
  ADD CONSTRAINT `reviews_product_id_foreign` FOREIGN KEY (`product_id`) REFERENCES `products` (`id`) ON DELETE CASCADE;
COMMIT;

/*!40101 SET CHARACTER_SET_CLIENT=@OLD_CHARACTER_SET_CLIENT */;
/*!40101 SET CHARACTER_SET_RESULTS=@OLD_CHARACTER_SET_RESULTS */;
/*!40101 SET COLLATION_CONNECTION=@OLD_COLLATION_CONNECTION */;
